Datetime,PM10
2017-11-24 17:00:00,98.0
2017-11-24 18:00:00,111.25
2017-11-24 19:00:00,132.0
2017-11-24 20:00:00,133.25
2017-11-24 21:00:00,116.0
2017-11-24 22:00:00,108.25
2017-11-24 23:00:00,111.5
2017-11-25 00:00:00,111.0
2017-11-25 01:00:00,102.0
2017-11-25 02:00:00,123.0
2017-11-25 03:00:00,122.75
2017-11-25 04:00:00,112.5
2017-11-25 05:00:00,112.5
2017-11-25 06:00:00,122.0
2017-11-25 07:00:00,137.0
2017-11-25 08:00:00,142.75
2017-11-25 09:00:00,148.5
2017-11-25 10:00:00,142.0
2017-11-25 11:00:00,126.5
2017-11-25 12:00:00,124.0
2017-11-25 13:00:00,120.5
2017-11-25 14:00:00,117.0
2017-11-25 15:00:00,112.25
2017-11-25 16:00:00,107.0
2017-11-25 17:00:00,120.25
2017-11-25 18:00:00,134.75
2017-11-25 19:00:00,142.5
2017-11-25 20:00:00,145.75
2017-11-25 21:00:00,131.25
2017-11-25 22:00:00,123.5
2017-11-25 23:00:00,121.0
2017-11-26 00:00:00,135.75
2017-11-26 01:00:00,131.75
2017-11-26 02:00:00,125.25
2017-11-26 03:00:00,131.25
2017-11-26 04:00:00,122.25
2017-11-26 05:00:00,129.0
2017-11-26 06:00:00,137.75
2017-11-26 07:00:00,144.75
2017-11-26 08:00:00,143.0
2017-11-26 09:00:00,143.25
2017-11-26 10:00:00,126.0
2017-11-26 11:00:00,122.5
2017-11-26 12:00:00,110.25
2017-11-26 13:00:00,105.0
2017-11-26 14:00:00,103.75
2017-11-26 15:00:00,96.5
2017-11-26 16:00:00,87.25
2017-11-26 17:00:00,92.5
2017-11-26 18:00:00,104.25
2017-11-26 19:00:00,134.75
2017-11-26 20:00:00,159.5
2017-11-26 21:00:00,160.0
2017-11-26 22:00:00,172.75
2017-11-26 23:00:00,178.5
2017-11-27 00:00:00,207.0
2017-11-27 01:00:00,169.5
2017-11-27 02:00:00,136.0
2017-11-27 03:00:00,132.0
2017-11-27 04:00:00,136.75
2017-11-27 05:00:00,133.75
2017-11-27 06:00:00,136.0
2017-11-27 07:00:00,136.0
2017-11-27 08:00:00,142.0
2017-11-27 09:00:00,150.5
2017-11-27 10:00:00,136.25
2017-11-27 11:00:00,120.25
2017-11-27 12:00:00,115.0
2017-11-27 13:00:00,109.0
2017-11-27 14:00:00,118.5
2017-11-27 15:00:00,111.0
2017-11-27 16:00:00,111.0
2017-11-27 17:00:00,110.35714285714286
2017-11-27 18:00:00,109.71428571428572
2017-11-27 19:00:00,109.07142857142857
2017-11-27 20:00:00,108.42857142857143
2017-11-27 21:00:00,107.78571428571428
2017-11-27 22:00:00,107.14285714285714
2017-11-27 23:00:00,106.5
2017-11-28 00:00:00,105.85714285714286
2017-11-28 01:00:00,105.21428571428572
2017-11-28 02:00:00,104.57142857142857
2017-11-28 03:00:00,103.92857142857143
2017-11-28 04:00:00,103.28571428571428
2017-11-28 05:00:00,102.64285714285714
2017-11-28 06:00:00,102.0
2017-11-28 07:00:00,101.35714285714286
2017-11-28 08:00:00,100.71428571428572
2017-11-28 09:00:00,100.07142857142857
2017-11-28 10:00:00,99.42857142857143
2017-11-28 11:00:00,98.78571428571428
2017-11-28 12:00:00,98.14285714285714
2017-11-28 13:00:00,97.5
2017-11-28 14:00:00,97.5
2017-11-28 15:00:00,94.25
2017-11-28 16:00:00,91.0
2017-11-28 17:00:00,97.0
2017-11-28 18:00:00,102.0
2017-11-28 19:00:00,117.0
2017-11-28 20:00:00,115.0
2017-11-28 21:00:00,124.25
2017-11-28 22:00:00,105.5
2017-11-28 23:00:00,104.0
2017-11-29 00:00:00,113.5
2017-11-29 01:00:00,115.0
2017-11-29 02:00:00,124.0
2017-11-29 03:00:00,151.75
2017-11-29 04:00:00,150.25
2017-11-29 05:00:00,140.5
2017-11-29 06:00:00,140.5
2017-11-29 07:00:00,137.0
2017-11-29 08:00:00,142.75
2017-11-29 09:00:00,144.75
2017-11-29 10:00:00,122.0
2017-11-29 11:00:00,101.25
2017-11-29 12:00:00,75.0
2017-11-29 13:00:00,69.125
2017-11-29 14:00:00,63.25
2017-11-29 15:00:00,67.25
2017-11-29 16:00:00,81.5
2017-11-29 17:00:00,100.5
2017-11-29 18:00:00,125.5
2017-11-29 19:00:00,146.25
2017-11-29 20:00:00,120.25
2017-11-29 21:00:00,83.25
2017-11-29 22:00:00,84.0
2017-11-29 23:00:00,111.25
2017-11-30 00:00:00,132.75
2017-11-30 01:00:00,118.5
2017-11-30 02:00:00,139.5
2017-11-30 03:00:00,141.5
2017-11-30 04:00:00,122.25
2017-11-30 05:00:00,111.25
2017-11-30 06:00:00,103.5
2017-11-30 07:00:00,110.25
2017-11-30 08:00:00,124.0
2017-11-30 09:00:00,115.75
2017-11-30 10:00:00,107.5
2017-11-30 11:00:00,102.5
2017-11-30 12:00:00,102.5
2017-11-30 13:00:00,104.25
2017-11-30 14:00:00,97.75
2017-11-30 15:00:00,101.0
2017-11-30 16:00:00,95.75
2017-11-30 17:00:00,106.0
2017-11-30 18:00:00,136.5
2017-11-30 19:00:00,152.0
2017-11-30 20:00:00,129.75
2017-11-30 21:00:00,99.0
2017-11-30 22:00:00,98.75
2017-11-30 23:00:00,104.25
2017-12-01 00:00:00,114.0
2017-12-01 01:00:00,122.5
2017-12-01 02:00:00,110.25
2017-12-01 03:00:00,116.0
2017-12-01 04:00:00,121.0
2017-12-01 05:00:00,113.5
2017-12-01 06:00:00,101.0
2017-12-01 07:00:00,108.75
2017-12-01 08:00:00,122.75
2017-12-01 09:00:00,119.0
2017-12-01 10:00:00,108.0
2017-12-01 11:00:00,103.75
2017-12-01 12:00:00,106.75
2017-12-01 13:00:00,98.25
2017-12-01 14:00:00,92.75
2017-12-01 15:00:00,96.5
2017-12-01 16:00:00,115.5
2017-12-01 17:00:00,134.75
2017-12-01 18:00:00,149.75
2017-12-01 19:00:00,152.5
2017-12-01 20:00:00,95.5
2017-12-01 21:00:00,84.5
2017-12-01 22:00:00,103.0
2017-12-01 23:00:00,135.25
2017-12-02 00:00:00,135.5
2017-12-02 01:00:00,136.25
2017-12-02 02:00:00,133.25
2017-12-02 03:00:00,142.0
2017-12-02 04:00:00,139.25
2017-12-02 05:00:00,121.25
2017-12-02 06:00:00,114.0
2017-12-02 07:00:00,121.75
2017-12-02 08:00:00,133.5
2017-12-02 09:00:00,129.5
2017-12-02 10:00:00,115.0
2017-12-02 11:00:00,121.0
2017-12-02 12:00:00,118.5
2017-12-02 13:00:00,104.25
2017-12-02 14:00:00,91.5
2017-12-02 15:00:00,90.75
2017-12-02 16:00:00,102.75
2017-12-02 17:00:00,115.5
2017-12-02 18:00:00,170.5
2017-12-02 19:00:00,202.5
2017-12-02 20:00:00,230.0
2017-12-02 21:00:00,223.25
2017-12-02 22:00:00,186.75
2017-12-02 23:00:00,186.25
2017-12-03 00:00:00,169.0
2017-12-03 01:00:00,158.0
2017-12-03 02:00:00,152.0
2017-12-03 03:00:00,154.5
2017-12-03 04:00:00,171.5
2017-12-03 05:00:00,162.0
2017-12-03 06:00:00,167.25
2017-12-03 07:00:00,197.5
2017-12-03 08:00:00,182.0
2017-12-03 09:00:00,169.5
2017-12-03 10:00:00,167.25
2017-12-03 11:00:00,130.25
2017-12-03 12:00:00,102.0
2017-12-03 13:00:00,84.25
2017-12-03 14:00:00,74.0
2017-12-03 15:00:00,71.5
2017-12-03 16:00:00,82.0
2017-12-03 17:00:00,83.0
2017-12-03 18:00:00,91.5
2017-12-03 19:00:00,112.5
2017-12-03 20:00:00,125.25
2017-12-03 21:00:00,117.5
2017-12-03 22:00:00,101.25
2017-12-03 23:00:00,107.0
2017-12-04 00:00:00,125.5
2017-12-04 01:00:00,125.75
2017-12-04 02:00:00,113.0
2017-12-04 03:00:00,104.5
2017-12-04 04:00:00,107.75
2017-12-04 05:00:00,119.5
2017-12-04 06:00:00,139.75
2017-12-04 07:00:00,150.0
2017-12-04 08:00:00,173.75
2017-12-04 09:00:00,167.5
2017-12-04 10:00:00,141.5
2017-12-04 11:00:00,113.0
2017-12-04 12:00:00,97.5
2017-12-04 13:00:00,96.25
2017-12-04 14:00:00,84.0
2017-12-04 15:00:00,80.75
2017-12-04 16:00:00,82.75
2017-12-04 17:00:00,88.75
2017-12-04 18:00:00,125.0
2017-12-04 19:00:00,182.5
2017-12-04 20:00:00,201.75
2017-12-04 21:00:00,174.0
2017-12-04 22:00:00,99.5
2017-12-04 23:00:00,105.75
2017-12-05 00:00:00,102.0
2017-12-05 01:00:00,123.75
2017-12-05 02:00:00,138.25
2017-12-05 03:00:00,156.0
2017-12-05 04:00:00,153.0
2017-12-05 05:00:00,151.0
2017-12-05 06:00:00,148.75
2017-12-05 07:00:00,147.25
2017-12-05 08:00:00,135.25
2017-12-05 09:00:00,131.5
2017-12-05 10:00:00,126.0
2017-12-05 11:00:00,120.5
2017-12-05 12:00:00,112.25
2017-12-05 13:00:00,108.75
2017-12-05 14:00:00,108.25
2017-12-05 15:00:00,115.75
2017-12-05 16:00:00,109.0
2017-12-05 17:00:00,106.25
2017-12-05 18:00:00,104.0
2017-12-05 19:00:00,106.0
2017-12-05 20:00:00,94.75
2017-12-05 21:00:00,99.75
2017-12-05 22:00:00,109.25
2017-12-05 23:00:00,115.25
2017-12-06 00:00:00,122.0
2017-12-06 01:00:00,133.0
2017-12-06 02:00:00,142.0
2017-12-06 03:00:00,142.75
2017-12-06 04:00:00,140.5
2017-12-06 05:00:00,125.75
2017-12-06 06:00:00,124.5
2017-12-06 07:00:00,134.0
2017-12-06 08:00:00,148.0
2017-12-06 09:00:00,170.0
2017-12-06 10:00:00,157.25
2017-12-06 11:00:00,132.5
2017-12-06 12:00:00,117.75
2017-12-06 13:00:00,111.25
2017-12-06 14:00:00,101.25
2017-12-06 15:00:00,98.25
2017-12-06 16:00:00,105.5
2017-12-06 17:00:00,114.25
2017-12-06 18:00:00,154.25
2017-12-06 19:00:00,205.0
2017-12-06 20:00:00,185.25
2017-12-06 21:00:00,163.75
2017-12-06 22:00:00,164.0
2017-12-06 23:00:00,152.0
2017-12-07 00:00:00,161.0
2017-12-07 01:00:00,162.75
2017-12-07 02:00:00,162.25
2017-12-07 03:00:00,146.75
2017-12-07 04:00:00,156.25
2017-12-07 05:00:00,168.75
2017-12-07 06:00:00,165.5
2017-12-07 07:00:00,162.75
2017-12-07 08:00:00,175.5
2017-12-07 09:00:00,179.75
2017-12-07 10:00:00,192.0
2017-12-07 11:00:00,150.0
2017-12-07 12:00:00,172.0
2017-12-07 13:00:00,194.25
2017-12-07 14:00:00,177.25
2017-12-07 15:00:00,164.0
2017-12-07 16:00:00,144.0
2017-12-07 17:00:00,134.25
2017-12-07 18:00:00,161.25
2017-12-07 19:00:00,201.25
2017-12-07 20:00:00,224.0
2017-12-07 21:00:00,251.75
2017-12-07 22:00:00,287.25
2017-12-07 23:00:00,264.75
2017-12-08 00:00:00,281.25
2017-12-08 01:00:00,221.25
2017-12-08 02:00:00,244.5
2017-12-08 03:00:00,268.25
2017-12-08 04:00:00,267.5
2017-12-08 05:00:00,240.0
2017-12-08 06:00:00,202.75
2017-12-08 07:00:00,221.5
2017-12-08 08:00:00,243.25
2017-12-08 09:00:00,263.25
2017-12-08 10:00:00,246.25
2017-12-08 11:00:00,238.0
2017-12-08 12:00:00,226.25
2017-12-08 13:00:00,200.5
2017-12-08 14:00:00,165.75
2017-12-08 15:00:00,127.5
2017-12-08 16:00:00,103.75
2017-12-08 17:00:00,114.0
2017-12-08 18:00:00,113.75
2017-12-08 19:00:00,169.0
2017-12-08 20:00:00,220.0
2017-12-08 21:00:00,223.0
2017-12-08 22:00:00,206.5
2017-12-08 23:00:00,205.0
2017-12-09 00:00:00,175.5
2017-12-09 01:00:00,158.75
2017-12-09 02:00:00,156.5
2017-12-09 03:00:00,151.5
2017-12-09 04:00:00,147.0
2017-12-09 05:00:00,138.5
2017-12-09 06:00:00,136.0
2017-12-09 07:00:00,124.25
2017-12-09 08:00:00,125.0
2017-12-09 09:00:00,128.25
2017-12-09 10:00:00,131.25
2017-12-09 11:00:00,138.0
2017-12-09 12:00:00,162.25
2017-12-09 13:00:00,180.5
2017-12-09 14:00:00,147.5
2017-12-09 15:00:00,101.25
2017-12-09 16:00:00,85.75
2017-12-09 17:00:00,96.5
2017-12-09 18:00:00,118.0
2017-12-09 19:00:00,138.0
2017-12-09 20:00:00,165.0
2017-12-09 21:00:00,189.5
2017-12-09 22:00:00,151.5
2017-12-09 23:00:00,143.0
2017-12-10 00:00:00,150.25
2017-12-10 01:00:00,148.0
2017-12-10 02:00:00,132.5
2017-12-10 03:00:00,132.0
2017-12-10 04:00:00,106.0
2017-12-10 05:00:00,96.0
2017-12-10 06:00:00,83.25
2017-12-10 07:00:00,75.5
2017-12-10 08:00:00,72.25
2017-12-10 09:00:00,83.25
2017-12-10 10:00:00,97.75
2017-12-10 11:00:00,96.5
2017-12-10 12:00:00,74.75
2017-12-10 13:00:00,64.5
2017-12-10 14:00:00,53.25
2017-12-10 15:00:00,50.75
2017-12-10 16:00:00,50.5
2017-12-10 17:00:00,58.25
2017-12-10 18:00:00,77.0
2017-12-10 19:00:00,174.5
2017-12-10 20:00:00,163.0
2017-12-10 21:00:00,155.5
2017-12-10 22:00:00,129.75
2017-12-10 23:00:00,141.5
2017-12-11 00:00:00,118.75
2017-12-11 01:00:00,99.5
2017-12-11 02:00:00,100.75
2017-12-11 03:00:00,117.75
2017-12-11 04:00:00,137.75
2017-12-11 05:00:00,116.75
2017-12-11 06:00:00,111.75
2017-12-11 07:00:00,115.75
2017-12-11 08:00:00,112.0
2017-12-11 09:00:00,95.0
2017-12-11 10:00:00,107.75
2017-12-11 11:00:00,93.0
2017-12-11 12:00:00,88.0
2017-12-11 13:00:00,89.0
2017-12-11 14:00:00,86.75
2017-12-11 15:00:00,81.25
2017-12-11 16:00:00,86.5
2017-12-11 17:00:00,94.75
2017-12-11 18:00:00,120.25
2017-12-11 19:00:00,154.0
2017-12-11 20:00:00,139.25
2017-12-11 21:00:00,177.5
2017-12-11 22:00:00,173.75
2017-12-11 23:00:00,149.0
2017-12-12 00:00:00,162.0
2017-12-12 01:00:00,178.25
2017-12-12 02:00:00,191.5
2017-12-12 03:00:00,188.5
2017-12-12 04:00:00,180.0
2017-12-12 05:00:00,191.75
2017-12-12 06:00:00,180.0
2017-12-12 07:00:00,174.25
2017-12-12 08:00:00,174.5
2017-12-12 09:00:00,170.5
2017-12-12 10:00:00,152.25
2017-12-12 11:00:00,112.75
2017-12-12 12:00:00,85.5
2017-12-12 13:00:00,66.25
2017-12-12 14:00:00,61.25
2017-12-12 15:00:00,69.75
2017-12-12 16:00:00,66.0
2017-12-12 17:00:00,62.5
2017-12-12 18:00:00,75.25
2017-12-12 19:00:00,108.75
2017-12-12 20:00:00,112.25
2017-12-12 21:00:00,133.0
2017-12-12 22:00:00,146.75
2017-12-12 23:00:00,112.0
2017-12-13 00:00:00,105.5
2017-12-13 01:00:00,128.5
2017-12-13 02:00:00,144.5
2017-12-13 03:00:00,132.0
2017-12-13 04:00:00,121.75
2017-12-13 05:00:00,107.0
2017-12-13 06:00:00,95.75
2017-12-13 07:00:00,77.25
2017-12-13 08:00:00,66.75
2017-12-13 09:00:00,61.5
2017-12-13 10:00:00,68.75
2017-12-13 11:00:00,77.25
2017-12-13 12:00:00,78.0
2017-12-13 13:00:00,84.25
2017-12-13 14:00:00,95.75
2017-12-13 15:00:00,89.0
2017-12-13 16:00:00,93.25
2017-12-13 17:00:00,110.25
2017-12-13 18:00:00,108.0
2017-12-13 19:00:00,144.0
2017-12-13 20:00:00,148.0
2017-12-13 21:00:00,98.5
2017-12-13 22:00:00,88.0
2017-12-13 23:00:00,70.25
2017-12-14 00:00:00,71.0
2017-12-14 01:00:00,72.5
2017-12-14 02:00:00,85.0
2017-12-14 03:00:00,91.0
2017-12-14 04:00:00,95.5
2017-12-14 05:00:00,109.0
2017-12-14 06:00:00,102.5
2017-12-14 07:00:00,86.5
2017-12-14 08:00:00,99.75
2017-12-14 09:00:00,104.75
2017-12-14 10:00:00,95.75
2017-12-14 11:00:00,97.25
2017-12-14 12:00:00,91.0
2017-12-14 13:00:00,87.25
2017-12-14 14:00:00,87.75
2017-12-14 15:00:00,90.25
2017-12-14 16:00:00,98.5
2017-12-14 17:00:00,95.75
2017-12-14 18:00:00,111.0
2017-12-14 19:00:00,142.25
2017-12-14 20:00:00,140.0
2017-12-14 21:00:00,117.75
2017-12-14 22:00:00,104.0
2017-12-14 23:00:00,98.5
2017-12-15 00:00:00,91.0
2017-12-15 01:00:00,94.25
2017-12-15 02:00:00,98.0
2017-12-15 03:00:00,101.0
2017-12-15 04:00:00,106.75
2017-12-15 05:00:00,96.25
2017-12-15 06:00:00,95.0
2017-12-15 07:00:00,126.75
2017-12-15 08:00:00,185.25
2017-12-15 09:00:00,103.25
2017-12-15 10:00:00,104.75
2017-12-15 11:00:00,94.125
2017-12-15 12:00:00,83.5
2017-12-15 13:00:00,84.25
2017-12-15 14:00:00,78.5
2017-12-15 15:00:00,79.0
2017-12-15 16:00:00,86.25
2017-12-15 17:00:00,94.0
2017-12-15 18:00:00,111.5
2017-12-15 19:00:00,131.5
2017-12-15 20:00:00,149.5
2017-12-15 21:00:00,162.0
2017-12-15 22:00:00,132.25
2017-12-15 23:00:00,127.5
2017-12-16 00:00:00,109.5
2017-12-16 01:00:00,107.0
2017-12-16 02:00:00,113.25
2017-12-16 03:00:00,119.5
2017-12-16 04:00:00,133.75
2017-12-16 05:00:00,133.0
2017-12-16 06:00:00,156.75
2017-12-16 07:00:00,174.0
2017-12-16 08:00:00,169.5
2017-12-16 09:00:00,147.25
2017-12-16 10:00:00,134.5
2017-12-16 11:00:00,118.75
2017-12-16 12:00:00,111.25
2017-12-16 13:00:00,106.0
2017-12-16 14:00:00,100.5
2017-12-16 15:00:00,107.0
2017-12-16 16:00:00,95.75
2017-12-16 17:00:00,97.75
2017-12-16 18:00:00,108.5
2017-12-16 19:00:00,145.5
2017-12-16 20:00:00,157.0
2017-12-16 21:00:00,164.5
2017-12-16 22:00:00,151.5
2017-12-16 23:00:00,153.5
2017-12-17 00:00:00,161.25
2017-12-17 01:00:00,183.75
2017-12-17 02:00:00,195.25
2017-12-17 03:00:00,196.0
2017-12-17 04:00:00,196.0
2017-12-17 05:00:00,209.75
2017-12-17 06:00:00,205.25
2017-12-17 07:00:00,209.5
2017-12-17 08:00:00,194.5
2017-12-17 09:00:00,231.0
2017-12-17 10:00:00,165.0
2017-12-17 11:00:00,121.25
2017-12-17 12:00:00,113.0
2017-12-17 13:00:00,114.25
2017-12-17 14:00:00,106.5
2017-12-17 15:00:00,103.0
2017-12-17 16:00:00,108.25
2017-12-17 17:00:00,108.5
2017-12-17 18:00:00,121.5
2017-12-17 19:00:00,152.0
2017-12-17 20:00:00,203.0
2017-12-17 21:00:00,218.25
2017-12-17 22:00:00,192.0
2017-12-17 23:00:00,214.25
2017-12-18 00:00:00,220.0
2017-12-18 01:00:00,282.25
2017-12-18 02:00:00,269.25
2017-12-18 03:00:00,202.0
2017-12-18 04:00:00,187.75
2017-12-18 05:00:00,209.75
2017-12-18 06:00:00,206.25
2017-12-18 07:00:00,258.75
2017-12-18 08:00:00,238.0
2017-12-18 09:00:00,186.75
2017-12-18 10:00:00,149.25
2017-12-18 11:00:00,101.125
2017-12-18 12:00:00,53.0
2017-12-18 13:00:00,105.5
2017-12-18 14:00:00,103.25
2017-12-18 15:00:00,98.0
2017-12-18 16:00:00,90.25
2017-12-18 17:00:00,98.5
2017-12-18 18:00:00,58.25
2017-12-18 19:00:00,136.25
2017-12-18 20:00:00,190.25
2017-12-18 21:00:00,218.5
2017-12-18 22:00:00,215.25
2017-12-18 23:00:00,180.0
2017-12-19 00:00:00,204.75
2017-12-19 01:00:00,222.5
2017-12-19 02:00:00,203.0
2017-12-19 03:00:00,166.25
2017-12-19 04:00:00,170.25
2017-12-19 05:00:00,183.25
2017-12-19 06:00:00,177.0
2017-12-19 07:00:00,208.75
2017-12-19 08:00:00,200.75
2017-12-19 09:00:00,175.75
2017-12-19 10:00:00,136.25
2017-12-19 11:00:00,127.5
2017-12-19 12:00:00,63.5
2017-12-19 13:00:00,83.41666666666667
2017-12-19 14:00:00,103.33333333333334
2017-12-19 15:00:00,123.25
2017-12-19 16:00:00,121.75
2017-12-19 17:00:00,120.25
2017-12-19 18:00:00,130.5
2017-12-19 19:00:00,141.0
2017-12-19 20:00:00,183.25
2017-12-19 21:00:00,232.5
2017-12-19 22:00:00,219.0
2017-12-19 23:00:00,213.5
2017-12-20 00:00:00,169.0
2017-12-20 01:00:00,145.75
2017-12-20 02:00:00,132.75
2017-12-20 03:00:00,134.0
2017-12-20 04:00:00,140.0
2017-12-20 05:00:00,168.5
2017-12-20 06:00:00,163.5
2017-12-20 07:00:00,168.0
2017-12-20 08:00:00,187.5
2017-12-20 09:00:00,176.0
2017-12-20 10:00:00,125.5
2017-12-20 11:00:00,115.0
2017-12-20 12:00:00,106.75
2017-12-20 13:00:00,107.25
2017-12-20 14:00:00,102.5
2017-12-20 15:00:00,100.5
2017-12-20 16:00:00,91.0
2017-12-20 17:00:00,48.0
2017-12-20 18:00:00,104.5
2017-12-20 19:00:00,133.5
2017-12-20 20:00:00,174.5
2017-12-20 21:00:00,212.0
2017-12-20 22:00:00,208.75
2017-12-20 23:00:00,189.25
2017-12-21 00:00:00,160.0
2017-12-21 01:00:00,152.75
2017-12-21 02:00:00,157.0
2017-12-21 03:00:00,153.5
2017-12-21 04:00:00,151.25
2017-12-21 05:00:00,149.0
2017-12-21 06:00:00,164.75
2017-12-21 07:00:00,166.75
2017-12-21 08:00:00,176.0
2017-12-21 09:00:00,182.5
2017-12-21 10:00:00,178.0
2017-12-21 11:00:00,129.0
2017-12-21 12:00:00,116.75
2017-12-21 13:00:00,114.25
2017-12-21 14:00:00,103.75
2017-12-21 15:00:00,93.5
2017-12-21 16:00:00,99.5
2017-12-21 17:00:00,99.5
2017-12-21 18:00:00,104.0
2017-12-21 19:00:00,136.75
2017-12-21 20:00:00,168.0
2017-12-21 21:00:00,152.25
2017-12-21 22:00:00,224.75
2017-12-21 23:00:00,212.25
2017-12-22 00:00:00,153.0
2017-12-22 01:00:00,170.25
2017-12-22 02:00:00,193.0
2017-12-22 03:00:00,189.25
2017-12-22 04:00:00,187.5
2017-12-22 05:00:00,155.25
2017-12-22 06:00:00,135.25
2017-12-22 07:00:00,143.25
2017-12-22 08:00:00,184.0
2017-12-22 09:00:00,247.0
2017-12-22 10:00:00,210.5
2017-12-22 11:00:00,152.75
2017-12-22 12:00:00,144.5
2017-12-22 13:00:00,137.0
2017-12-22 14:00:00,99.0
2017-12-22 15:00:00,92.5
2017-12-22 16:00:00,93.25
2017-12-22 17:00:00,103.5
2017-12-22 18:00:00,120.5
2017-12-22 19:00:00,150.75
2017-12-22 20:00:00,174.75
2017-12-22 21:00:00,149.5
2017-12-22 22:00:00,144.0
2017-12-22 23:00:00,132.0
2017-12-23 00:00:00,128.5
2017-12-23 01:00:00,117.0
2017-12-23 02:00:00,69.0
2017-12-23 03:00:00,133.75
2017-12-23 04:00:00,112.5
2017-12-23 05:00:00,143.5
2017-12-23 06:00:00,149.25
2017-12-23 07:00:00,144.75
2017-12-23 08:00:00,159.75
2017-12-23 09:00:00,195.25
2017-12-23 10:00:00,178.75
2017-12-23 11:00:00,153.75
2017-12-23 12:00:00,146.5
2017-12-23 13:00:00,127.25
2017-12-23 14:00:00,129.75
2017-12-23 15:00:00,135.75
2017-12-23 16:00:00,134.25
2017-12-23 17:00:00,122.75
2017-12-23 18:00:00,122.0
2017-12-23 19:00:00,152.5
2017-12-23 20:00:00,197.25
2017-12-23 21:00:00,208.75
2017-12-23 22:00:00,184.5
2017-12-23 23:00:00,203.75
2017-12-24 00:00:00,203.0
2017-12-24 01:00:00,193.5
2017-12-24 02:00:00,221.0
2017-12-24 03:00:00,206.5
2017-12-24 04:00:00,191.75
2017-12-24 05:00:00,175.0
2017-12-24 06:00:00,190.0
2017-12-24 07:00:00,187.75
2017-12-24 08:00:00,187.5
2017-12-24 09:00:00,209.0
2017-12-24 10:00:00,199.25
2017-12-24 11:00:00,146.25
2017-12-24 12:00:00,130.5
2017-12-24 13:00:00,131.25
2017-12-24 14:00:00,126.75
2017-12-24 15:00:00,121.5
2017-12-24 16:00:00,123.75
2017-12-24 17:00:00,116.5
2017-12-24 18:00:00,118.25
2017-12-24 19:00:00,132.25
2017-12-24 20:00:00,155.0
2017-12-24 21:00:00,189.0
2017-12-24 22:00:00,194.75
2017-12-24 23:00:00,176.0
2017-12-25 00:00:00,176.0
2017-12-25 01:00:00,147.75
2017-12-25 02:00:00,136.75
2017-12-25 03:00:00,146.75
2017-12-25 04:00:00,162.0
2017-12-25 05:00:00,164.75
2017-12-25 06:00:00,162.5
2017-12-25 07:00:00,165.25
2017-12-25 08:00:00,187.0
2017-12-25 09:00:00,186.75
2017-12-25 10:00:00,180.0
2017-12-25 11:00:00,161.5
2017-12-25 12:00:00,161.25
2017-12-25 13:00:00,164.5
2017-12-25 14:00:00,162.25
2017-12-25 15:00:00,161.75
2017-12-25 16:00:00,168.75
2017-12-25 17:00:00,179.5
2017-12-25 18:00:00,193.25
2017-12-25 19:00:00,186.75
2017-12-25 20:00:00,191.5
2017-12-25 21:00:00,196.0
2017-12-25 22:00:00,203.75
2017-12-25 23:00:00,169.0
2017-12-26 00:00:00,156.75
2017-12-26 01:00:00,157.75
2017-12-26 02:00:00,162.75
2017-12-26 03:00:00,161.0
2017-12-26 04:00:00,160.5
2017-12-26 05:00:00,169.0
2017-12-26 06:00:00,177.0
2017-12-26 07:00:00,222.75
2017-12-26 08:00:00,275.25
2017-12-26 09:00:00,153.0
2017-12-26 10:00:00,143.0
2017-12-26 11:00:00,140.0
2017-12-26 12:00:00,140.5
2017-12-26 13:00:00,158.25
2017-12-26 14:00:00,161.25
2017-12-26 15:00:00,132.25
2017-12-26 16:00:00,131.5
2017-12-26 17:00:00,130.75
2017-12-26 18:00:00,161.25
2017-12-26 19:00:00,217.5
2017-12-26 20:00:00,208.5
2017-12-26 21:00:00,193.0
2017-12-26 22:00:00,187.0
2017-12-26 23:00:00,184.5
2017-12-27 00:00:00,260.75
2017-12-27 01:00:00,256.0
2017-12-27 02:00:00,209.75
2017-12-27 03:00:00,189.75
2017-12-27 04:00:00,210.5
2017-12-27 05:00:00,238.0
2017-12-27 06:00:00,181.5
2017-12-27 07:00:00,189.25
2017-12-27 08:00:00,216.75
2017-12-27 09:00:00,237.25
2017-12-27 10:00:00,222.0
2017-12-27 11:00:00,220.0
2017-12-27 12:00:00,187.75
2017-12-27 13:00:00,159.25
2017-12-27 14:00:00,142.0
2017-12-27 15:00:00,122.0
2017-12-27 16:00:00,114.0
2017-12-27 17:00:00,113.5
2017-12-27 18:00:00,131.75
2017-12-27 19:00:00,144.0
2017-12-27 20:00:00,174.25
2017-12-27 21:00:00,216.25
2017-12-27 22:00:00,252.25
2017-12-27 23:00:00,224.25
2017-12-28 00:00:00,205.0
2017-12-28 01:00:00,235.5
2017-12-28 02:00:00,276.5
2017-12-28 03:00:00,231.25
2017-12-28 04:00:00,221.75
2017-12-28 05:00:00,208.25
2017-12-28 06:00:00,205.5
2017-12-28 07:00:00,212.75
2017-12-28 08:00:00,219.0
2017-12-28 09:00:00,178.5
2017-12-28 10:00:00,219.25
2017-12-28 11:00:00,163.0
2017-12-28 12:00:00,129.5
2017-12-28 13:00:00,102.25
2017-12-28 14:00:00,96.5
2017-12-28 15:00:00,101.5
2017-12-28 16:00:00,92.0
2017-12-28 17:00:00,88.0
2017-12-28 18:00:00,101.0
2017-12-28 19:00:00,134.5
2017-12-28 20:00:00,171.0
2017-12-28 21:00:00,168.0
2017-12-28 22:00:00,223.75
2017-12-28 23:00:00,219.5
2017-12-29 00:00:00,206.75
2017-12-29 01:00:00,164.25
2017-12-29 02:00:00,138.0
2017-12-29 03:00:00,154.75
2017-12-29 04:00:00,139.0
2017-12-29 05:00:00,149.75
2017-12-29 06:00:00,185.75
2017-12-29 07:00:00,193.75
2017-12-29 08:00:00,187.5
2017-12-29 09:00:00,198.0
2017-12-29 10:00:00,177.75
2017-12-29 11:00:00,160.0
2017-12-29 12:00:00,122.25
2017-12-29 13:00:00,102.75
2017-12-29 14:00:00,84.75
2017-12-29 15:00:00,74.0
2017-12-29 16:00:00,58.5
2017-12-29 17:00:00,57.0
2017-12-29 18:00:00,90.25
2017-12-29 19:00:00,110.25
2017-12-29 20:00:00,116.75
2017-12-29 21:00:00,134.0
2017-12-29 22:00:00,160.25
2017-12-29 23:00:00,160.5
2017-12-30 00:00:00,168.0
2017-12-30 01:00:00,134.75
2017-12-30 02:00:00,107.5
2017-12-30 03:00:00,100.5
2017-12-30 04:00:00,102.25
2017-12-30 05:00:00,111.25
2017-12-30 06:00:00,134.75
2017-12-30 07:00:00,133.5
2017-12-30 08:00:00,138.0
2017-12-30 09:00:00,139.5
2017-12-30 10:00:00,114.75
2017-12-30 11:00:00,81.5
2017-12-30 12:00:00,79.5
2017-12-30 13:00:00,65.75
2017-12-30 14:00:00,57.25
2017-12-30 15:00:00,61.25
2017-12-30 16:00:00,62.25
2017-12-30 17:00:00,65.25
2017-12-30 18:00:00,79.75
2017-12-30 19:00:00,109.5
2017-12-30 20:00:00,135.25
2017-12-30 21:00:00,154.25
2017-12-30 22:00:00,150.25
2017-12-30 23:00:00,137.5
2017-12-31 00:00:00,149.5
2017-12-31 01:00:00,173.75
2017-12-31 02:00:00,177.25
2017-12-31 03:00:00,174.5
2017-12-31 04:00:00,185.5
2017-12-31 05:00:00,201.75
2017-12-31 06:00:00,216.5
2017-12-31 07:00:00,190.0
2017-12-31 08:00:00,132.5
2017-12-31 09:00:00,138.5
2017-12-31 10:00:00,156.75
2017-12-31 11:00:00,136.5
2017-12-31 12:00:00,105.75
2017-12-31 13:00:00,77.0
2017-12-31 14:00:00,63.5
2017-12-31 15:00:00,58.75
2017-12-31 16:00:00,60.5
2017-12-31 17:00:00,72.0
2017-12-31 18:00:00,89.5
2017-12-31 19:00:00,109.25
2017-12-31 20:00:00,128.0
2017-12-31 21:00:00,148.0
2017-12-31 22:00:00,119.5
2017-12-31 23:00:00,94.25
2018-01-01 00:00:00,86.0
2018-01-01 01:00:00,100.5
2018-01-01 02:00:00,108.0
2018-01-01 03:00:00,109.75
2018-01-01 04:00:00,113.25
2018-01-01 05:00:00,108.25
2018-01-01 06:00:00,112.0
2018-01-01 07:00:00,117.5
2018-01-01 08:00:00,106.0
2018-01-01 09:00:00,105.5
2018-01-01 10:00:00,110.0
2018-01-01 11:00:00,99.25
2018-01-01 12:00:00,91.25
2018-01-01 13:00:00,94.0
2018-01-01 14:00:00,102.25
2018-01-01 15:00:00,95.25
2018-01-01 16:00:00,98.5
2018-01-01 17:00:00,95.75
2018-01-01 18:00:00,97.75
2018-01-01 19:00:00,126.0
2018-01-01 20:00:00,160.5
2018-01-01 21:00:00,154.5
2018-01-01 22:00:00,118.5
2018-01-01 23:00:00,101.75
2018-01-02 00:00:00,92.0
2018-01-02 01:00:00,96.0
2018-01-02 02:00:00,109.5
2018-01-02 03:00:00,104.0
2018-01-02 04:00:00,100.25
2018-01-02 05:00:00,97.75
2018-01-02 06:00:00,95.75
2018-01-02 07:00:00,94.5
2018-01-02 08:00:00,106.0
2018-01-02 09:00:00,116.25
2018-01-02 10:00:00,109.75
2018-01-02 11:00:00,104.75
2018-01-02 12:00:00,99.75
2018-01-02 13:00:00,102.0
2018-01-02 14:00:00,113.75
2018-01-02 15:00:00,98.5
2018-01-02 16:00:00,107.0
2018-01-02 17:00:00,103.0
2018-01-02 18:00:00,117.75
2018-01-02 19:00:00,146.0
2018-01-02 20:00:00,153.25
2018-01-02 21:00:00,143.5
2018-01-02 22:00:00,106.5
2018-01-02 23:00:00,118.25
2018-01-03 00:00:00,122.0
2018-01-03 01:00:00,116.0
2018-01-03 02:00:00,127.0
2018-01-03 03:00:00,131.25
2018-01-03 04:00:00,127.75
2018-01-03 05:00:00,134.75
2018-01-03 06:00:00,140.75
2018-01-03 07:00:00,144.25
2018-01-03 08:00:00,149.0
2018-01-03 09:00:00,146.0
2018-01-03 10:00:00,124.0
2018-01-03 11:00:00,111.75
2018-01-03 12:00:00,110.5
2018-01-03 13:00:00,107.0
2018-01-03 14:00:00,101.75
2018-01-03 15:00:00,103.25
2018-01-03 16:00:00,104.75
2018-01-03 17:00:00,116.25
2018-01-03 18:00:00,139.0
2018-01-03 19:00:00,200.0
2018-01-03 20:00:00,186.75
2018-01-03 21:00:00,187.25
2018-01-03 22:00:00,175.25
2018-01-03 23:00:00,193.25
2018-01-04 00:00:00,227.0
2018-01-04 01:00:00,298.5
2018-01-04 02:00:00,175.75
2018-01-04 03:00:00,160.25
2018-01-04 04:00:00,158.25
2018-01-04 05:00:00,174.5
2018-01-04 06:00:00,172.75
2018-01-04 07:00:00,196.25
2018-01-04 08:00:00,213.5
2018-01-04 09:00:00,213.25
2018-01-04 10:00:00,204.0
2018-01-04 11:00:00,131.75
2018-01-04 12:00:00,110.0
2018-01-04 13:00:00,104.25
2018-01-04 14:00:00,112.75
2018-01-04 15:00:00,108.5
2018-01-04 16:00:00,109.0
2018-01-04 17:00:00,115.0
2018-01-04 18:00:00,132.0
2018-01-04 19:00:00,199.5
2018-01-04 20:00:00,248.25
2018-01-04 21:00:00,183.5
2018-01-04 22:00:00,187.75
2018-01-04 23:00:00,257.75
2018-01-05 00:00:00,200.0
2018-01-05 01:00:00,183.25
2018-01-05 02:00:00,217.5
2018-01-05 03:00:00,221.25
2018-01-05 04:00:00,198.75
2018-01-05 05:00:00,181.0
2018-01-05 06:00:00,156.75
2018-01-05 07:00:00,177.75
2018-01-05 08:00:00,171.75
2018-01-05 09:00:00,207.75
2018-01-05 10:00:00,184.5
2018-01-05 11:00:00,134.5
2018-01-05 12:00:00,115.25
2018-01-05 13:00:00,110.0
2018-01-05 14:00:00,100.25
2018-01-05 15:00:00,119.75
2018-01-05 16:00:00,102.75
2018-01-05 17:00:00,105.0
2018-01-05 18:00:00,123.0
2018-01-05 19:00:00,147.75
2018-01-05 20:00:00,194.0
2018-01-05 21:00:00,230.75
2018-01-05 22:00:00,158.25
2018-01-05 23:00:00,163.0
2018-01-06 00:00:00,195.75
2018-01-06 01:00:00,171.0
2018-01-06 02:00:00,162.0
2018-01-06 03:00:00,179.0
2018-01-06 04:00:00,181.75
2018-01-06 05:00:00,170.0
2018-01-06 06:00:00,185.5
2018-01-06 07:00:00,188.75
2018-01-06 08:00:00,166.25
2018-01-06 09:00:00,157.75
2018-01-06 10:00:00,135.75
2018-01-06 11:00:00,128.75
2018-01-06 12:00:00,137.0
2018-01-06 13:00:00,110.25
2018-01-06 14:00:00,97.5
2018-01-06 15:00:00,89.5
2018-01-06 16:00:00,123.5
2018-01-06 17:00:00,158.25
2018-01-06 18:00:00,110.0
2018-01-06 19:00:00,131.5
2018-01-06 20:00:00,152.5
2018-01-06 21:00:00,172.0
2018-01-06 22:00:00,181.0
2018-01-06 23:00:00,162.0
2018-01-07 00:00:00,159.0
2018-01-07 01:00:00,185.75
2018-01-07 02:00:00,182.5
2018-01-07 03:00:00,182.0
2018-01-07 04:00:00,191.75
2018-01-07 05:00:00,217.5
2018-01-07 06:00:00,157.0
2018-01-07 07:00:00,166.0
2018-01-07 08:00:00,158.25
2018-01-07 09:00:00,162.0
2018-01-07 10:00:00,156.0
2018-01-07 11:00:00,128.25
2018-01-07 12:00:00,130.5
2018-01-07 13:00:00,111.75
2018-01-07 14:00:00,96.75
2018-01-07 15:00:00,97.75
2018-01-07 16:00:00,96.25
2018-01-07 17:00:00,103.5
2018-01-07 18:00:00,111.75
2018-01-07 19:00:00,131.0
2018-01-07 20:00:00,137.75
2018-01-07 21:00:00,164.75
2018-01-07 22:00:00,148.5
2018-01-07 23:00:00,120.0
2018-01-08 00:00:00,146.0
2018-01-08 01:00:00,188.0
2018-01-08 02:00:00,121.0
2018-01-08 03:00:00,135.5
2018-01-08 04:00:00,148.25
2018-01-08 05:00:00,162.25
2018-01-08 06:00:00,152.5
2018-01-08 07:00:00,134.5
2018-01-08 08:00:00,125.25
2018-01-08 09:00:00,141.25
2018-01-08 10:00:00,151.5
2018-01-08 11:00:00,146.0
2018-01-08 12:00:00,123.5
2018-01-08 13:00:00,115.25
2018-01-08 14:00:00,104.0
2018-01-08 15:00:00,105.0
2018-01-08 16:00:00,106.75
2018-01-08 17:00:00,106.0
2018-01-08 18:00:00,117.75
2018-01-08 19:00:00,130.5
2018-01-08 20:00:00,136.5
2018-01-08 21:00:00,137.5
2018-01-08 22:00:00,125.5
2018-01-08 23:00:00,123.5
2018-01-09 00:00:00,139.25
2018-01-09 01:00:00,157.25
2018-01-09 02:00:00,138.0
2018-01-09 03:00:00,138.75
2018-01-09 04:00:00,132.0
2018-01-09 05:00:00,121.5
2018-01-09 06:00:00,135.5
2018-01-09 07:00:00,146.0
2018-01-09 08:00:00,163.75
2018-01-09 09:00:00,149.25
2018-01-09 10:00:00,132.75
2018-01-09 11:00:00,123.5
2018-01-09 12:00:00,115.75
2018-01-09 13:00:00,113.5
2018-01-09 14:00:00,108.75
2018-01-09 15:00:00,106.75
2018-01-09 16:00:00,106.0
2018-01-09 17:00:00,117.5
2018-01-09 18:00:00,126.75
2018-01-09 19:00:00,138.0
2018-01-09 20:00:00,158.5
2018-01-09 21:00:00,186.75
2018-01-09 22:00:00,264.25
2018-01-09 23:00:00,299.25
2018-01-10 00:00:00,256.0
2018-01-10 01:00:00,196.25
2018-01-10 02:00:00,122.0
2018-01-10 03:00:00,156.5
2018-01-10 04:00:00,177.0
2018-01-10 05:00:00,209.0
2018-01-10 06:00:00,252.75
2018-01-10 07:00:00,189.75
2018-01-10 08:00:00,157.5
2018-01-10 09:00:00,163.0
2018-01-10 10:00:00,146.0
2018-01-10 11:00:00,140.0
2018-01-10 12:00:00,128.0
2018-01-10 13:00:00,121.25
2018-01-10 14:00:00,119.0
2018-01-10 15:00:00,121.25
2018-01-10 16:00:00,127.75
2018-01-10 17:00:00,129.5
2018-01-10 18:00:00,137.0
2018-01-10 19:00:00,139.75
2018-01-10 20:00:00,147.75
2018-01-10 21:00:00,144.25
2018-01-10 22:00:00,134.25
2018-01-10 23:00:00,127.25
2018-01-11 00:00:00,127.5
2018-01-11 01:00:00,144.75
2018-01-11 02:00:00,163.25
2018-01-11 03:00:00,192.25
2018-01-11 04:00:00,130.5
2018-01-11 05:00:00,123.75
2018-01-11 06:00:00,135.25
2018-01-11 07:00:00,162.75
2018-01-11 08:00:00,162.0
2018-01-11 09:00:00,165.75
2018-01-11 10:00:00,166.25
2018-01-11 11:00:00,133.0
2018-01-11 12:00:00,133.25
2018-01-11 13:00:00,145.75
2018-01-11 14:00:00,151.0
2018-01-11 15:00:00,146.75
2018-01-11 16:00:00,141.25
2018-01-11 17:00:00,137.75
2018-01-11 18:00:00,151.75
2018-01-11 19:00:00,177.75
2018-01-11 20:00:00,177.0
2018-01-11 21:00:00,188.0
2018-01-11 22:00:00,188.75
2018-01-11 23:00:00,149.25
2018-01-12 00:00:00,159.0
2018-01-12 01:00:00,181.5
2018-01-12 02:00:00,170.75
2018-01-12 03:00:00,163.5
2018-01-12 04:00:00,176.25
2018-01-12 05:00:00,189.25
2018-01-12 06:00:00,184.25
2018-01-12 07:00:00,193.75
2018-01-12 08:00:00,196.5
2018-01-12 09:00:00,204.5
2018-01-12 10:00:00,188.25
2018-01-12 11:00:00,162.5
2018-01-12 12:00:00,162.25
2018-01-12 13:00:00,158.0
2018-01-12 14:00:00,170.25
2018-01-12 15:00:00,198.0
2018-01-12 16:00:00,200.25
2018-01-12 17:00:00,192.25
2018-01-12 18:00:00,202.0
2018-01-12 19:00:00,234.5
2018-01-12 20:00:00,231.75
2018-01-12 21:00:00,216.25
2018-01-12 22:00:00,125.0
2018-01-12 23:00:00,120.5
2018-01-13 00:00:00,125.0
2018-01-13 01:00:00,124.25
2018-01-13 02:00:00,115.75
2018-01-13 03:00:00,131.25
2018-01-13 04:00:00,114.5
2018-01-13 05:00:00,74.75
2018-01-13 06:00:00,80.0
2018-01-13 07:00:00,125.25
2018-01-13 08:00:00,76.0
2018-01-13 09:00:00,83.25
2018-01-13 10:00:00,98.0
2018-01-13 11:00:00,112.25
2018-01-13 12:00:00,110.0
2018-01-13 13:00:00,128.5
2018-01-13 14:00:00,147.25
2018-01-13 15:00:00,150.75
2018-01-13 16:00:00,142.25
2018-01-13 17:00:00,155.25
2018-01-13 18:00:00,177.75
2018-01-13 19:00:00,159.0
2018-01-13 20:00:00,150.25
2018-01-13 21:00:00,148.5
2018-01-13 22:00:00,139.0
2018-01-13 23:00:00,131.5
2018-01-14 00:00:00,127.0
2018-01-14 01:00:00,123.0
2018-01-14 02:00:00,137.75
2018-01-14 03:00:00,159.25
2018-01-14 04:00:00,142.25
2018-01-14 05:00:00,133.5
2018-01-14 06:00:00,131.0
2018-01-14 07:00:00,131.25
2018-01-14 08:00:00,130.75
2018-01-14 09:00:00,107.75
2018-01-14 10:00:00,128.75
2018-01-14 11:00:00,131.0
2018-01-14 12:00:00,150.0
2018-01-14 13:00:00,127.5
2018-01-14 14:00:00,129.5
2018-01-14 15:00:00,123.25
2018-01-14 16:00:00,131.0
2018-01-14 17:00:00,139.5
2018-01-14 18:00:00,126.75
2018-01-14 19:00:00,124.75
2018-01-14 20:00:00,137.5
2018-01-14 21:00:00,126.25
2018-01-14 22:00:00,106.0
2018-01-14 23:00:00,114.5
2018-01-15 00:00:00,122.0
2018-01-15 01:00:00,114.25
2018-01-15 02:00:00,118.75
2018-01-15 03:00:00,112.0
2018-01-15 04:00:00,112.0
2018-01-15 05:00:00,115.25
2018-01-15 06:00:00,125.25
2018-01-15 07:00:00,124.75
2018-01-15 08:00:00,124.0
2018-01-15 09:00:00,130.0
2018-01-15 10:00:00,115.75
2018-01-15 11:00:00,103.5
2018-01-15 12:00:00,115.25
2018-01-15 13:00:00,117.0
2018-01-15 14:00:00,108.0
2018-01-15 15:00:00,100.5
2018-01-15 16:00:00,105.5
2018-01-15 17:00:00,107.25
2018-01-15 18:00:00,108.0
2018-01-15 19:00:00,108.0
2018-01-15 20:00:00,118.25
2018-01-15 21:00:00,136.0
2018-01-15 22:00:00,121.25
2018-01-15 23:00:00,110.25
2018-01-16 00:00:00,104.0
2018-01-16 01:00:00,106.75
2018-01-16 02:00:00,105.75
2018-01-16 03:00:00,97.5
2018-01-16 04:00:00,99.75
2018-01-16 05:00:00,93.25
2018-01-16 06:00:00,93.75
2018-01-16 07:00:00,92.75
2018-01-16 08:00:00,95.75
2018-01-16 09:00:00,108.25
2018-01-16 10:00:00,110.75
2018-01-16 11:00:00,104.5
2018-01-16 12:00:00,100.25
2018-01-16 13:00:00,105.75
2018-01-16 14:00:00,91.75
2018-01-16 15:00:00,85.25
2018-01-16 16:00:00,77.5
2018-01-16 17:00:00,79.5
2018-01-16 18:00:00,88.75
2018-01-16 19:00:00,114.25
2018-01-16 20:00:00,121.0
2018-01-16 21:00:00,118.25
2018-01-16 22:00:00,105.75
2018-01-16 23:00:00,107.5
2018-01-17 00:00:00,97.0
2018-01-17 01:00:00,105.0
2018-01-17 02:00:00,93.0
2018-01-17 03:00:00,95.0
2018-01-17 04:00:00,93.75
2018-01-17 05:00:00,96.25
2018-01-17 06:00:00,92.0
2018-01-17 07:00:00,108.75
2018-01-17 08:00:00,125.0
2018-01-17 09:00:00,127.5
2018-01-17 10:00:00,111.5
2018-01-17 11:00:00,95.0
2018-01-17 12:00:00,97.0
2018-01-17 13:00:00,103.25
2018-01-17 14:00:00,100.75
2018-01-17 15:00:00,87.5
2018-01-17 16:00:00,77.75
2018-01-17 17:00:00,80.0
2018-01-17 18:00:00,102.5
2018-01-17 19:00:00,116.25
2018-01-17 20:00:00,127.25
2018-01-17 21:00:00,120.0
2018-01-17 22:00:00,119.25
2018-01-17 23:00:00,135.5
2018-01-18 00:00:00,138.25
2018-01-18 01:00:00,139.75
2018-01-18 02:00:00,132.25
2018-01-18 03:00:00,129.25
2018-01-18 04:00:00,129.75
2018-01-18 05:00:00,134.75
2018-01-18 06:00:00,125.0
2018-01-18 07:00:00,133.25
2018-01-18 08:00:00,136.5
2018-01-18 09:00:00,136.75
2018-01-18 10:00:00,111.5
2018-01-18 11:00:00,100.5
2018-01-18 12:00:00,97.0
2018-01-18 13:00:00,88.5
2018-01-18 14:00:00,84.25
2018-01-18 15:00:00,91.5
2018-01-18 16:00:00,83.5
2018-01-18 17:00:00,83.5
2018-01-18 18:00:00,87.5
2018-01-18 19:00:00,99.5
2018-01-18 20:00:00,151.0
2018-01-18 21:00:00,170.75
2018-01-18 22:00:00,123.25
2018-01-18 23:00:00,107.5
2018-01-19 00:00:00,117.75
2018-01-19 01:00:00,124.5
2018-01-19 02:00:00,116.75
2018-01-19 03:00:00,107.75
2018-01-19 04:00:00,110.25
2018-01-19 05:00:00,112.75
2018-01-19 06:00:00,117.75
2018-01-19 07:00:00,114.75
2018-01-19 08:00:00,115.5
2018-01-19 09:00:00,134.5
2018-01-19 10:00:00,119.25
2018-01-19 11:00:00,108.75
2018-01-19 12:00:00,114.75
2018-01-19 13:00:00,96.75
2018-01-19 14:00:00,92.25
2018-01-19 15:00:00,97.75
2018-01-19 16:00:00,93.0
2018-01-19 17:00:00,91.5
2018-01-19 18:00:00,99.0
2018-01-19 19:00:00,111.5
2018-01-19 20:00:00,127.75
2018-01-19 21:00:00,137.0
2018-01-19 22:00:00,136.25
2018-01-19 23:00:00,189.5
2018-01-20 00:00:00,140.0
2018-01-20 01:00:00,190.75
2018-01-20 02:00:00,162.75
2018-01-20 03:00:00,160.25
2018-01-20 04:00:00,145.25
2018-01-20 05:00:00,116.0
2018-01-20 06:00:00,130.0
2018-01-20 07:00:00,145.25
2018-01-20 08:00:00,156.0
2018-01-20 09:00:00,133.25
2018-01-20 10:00:00,128.25
2018-01-20 11:00:00,98.75
2018-01-20 12:00:00,89.75
2018-01-20 13:00:00,92.25
2018-01-20 14:00:00,93.0
2018-01-20 15:00:00,96.25
2018-01-20 16:00:00,110.5
2018-01-20 17:00:00,125.0
2018-01-20 18:00:00,133.0
2018-01-20 19:00:00,147.0
2018-01-20 20:00:00,141.25
2018-01-20 21:00:00,135.5
2018-01-20 22:00:00,153.5
2018-01-20 23:00:00,164.75
2018-01-21 00:00:00,167.0
2018-01-21 01:00:00,175.5
2018-01-21 02:00:00,184.5
2018-01-21 03:00:00,167.0
2018-01-21 04:00:00,170.25
2018-01-21 05:00:00,182.5
2018-01-21 06:00:00,161.75
2018-01-21 07:00:00,161.75
2018-01-21 08:00:00,182.0
2018-01-21 09:00:00,193.25
2018-01-21 10:00:00,141.0
2018-01-21 11:00:00,121.0
2018-01-21 12:00:00,106.5
2018-01-21 13:00:00,107.25
2018-01-21 14:00:00,106.75
2018-01-21 15:00:00,111.25
2018-01-21 16:00:00,107.5
2018-01-21 17:00:00,100.5
2018-01-21 18:00:00,95.0
2018-01-21 19:00:00,102.5
2018-01-21 20:00:00,127.5
2018-01-21 21:00:00,148.0
2018-01-21 22:00:00,136.5
2018-01-21 23:00:00,147.75
2018-01-22 00:00:00,148.5
2018-01-22 01:00:00,138.75
2018-01-22 02:00:00,123.0
2018-01-22 03:00:00,142.5
2018-01-22 04:00:00,150.0
2018-01-22 05:00:00,183.75
2018-01-22 06:00:00,191.5
2018-01-22 07:00:00,160.75
2018-01-22 08:00:00,186.75
2018-01-22 09:00:00,191.5
2018-01-22 10:00:00,147.0
2018-01-22 11:00:00,129.5
2018-01-22 12:00:00,131.5
2018-01-22 13:00:00,104.25
2018-01-22 14:00:00,102.75
2018-01-22 15:00:00,113.75
2018-01-22 16:00:00,111.5
2018-01-22 17:00:00,106.5
2018-01-22 18:00:00,107.75
2018-01-22 19:00:00,128.0
2018-01-22 20:00:00,157.75
2018-01-22 21:00:00,136.5
2018-01-22 22:00:00,143.75
2018-01-22 23:00:00,191.25
2018-01-23 00:00:00,208.0
2018-01-23 01:00:00,213.25
2018-01-23 02:00:00,178.5
2018-01-23 03:00:00,195.5
2018-01-23 04:00:00,138.5
2018-01-23 05:00:00,149.25
2018-01-23 06:00:00,157.5
2018-01-23 07:00:00,127.75
2018-01-23 08:00:00,134.75
2018-01-23 09:00:00,140.75
2018-01-23 10:00:00,138.75
2018-01-23 11:00:00,122.25
2018-01-23 12:00:00,106.75
2018-01-23 13:00:00,93.5
2018-01-23 14:00:00,92.0
2018-01-23 15:00:00,94.0
2018-01-23 16:00:00,103.0
2018-01-23 17:00:00,105.75
2018-01-23 18:00:00,119.5
2018-01-23 19:00:00,137.75
2018-01-23 20:00:00,163.75
2018-01-23 21:00:00,127.25
2018-01-23 22:00:00,130.25
2018-01-23 23:00:00,137.0
2018-01-24 00:00:00,149.5
2018-01-24 01:00:00,182.75
2018-01-24 02:00:00,168.5
2018-01-24 03:00:00,163.75
2018-01-24 04:00:00,162.25
2018-01-24 05:00:00,156.25
2018-01-24 06:00:00,148.75
2018-01-24 07:00:00,164.25
2018-01-24 08:00:00,179.5
2018-01-24 09:00:00,178.0
2018-01-24 10:00:00,146.5
2018-01-24 11:00:00,129.75
2018-01-24 12:00:00,115.5
2018-01-24 13:00:00,104.75
2018-01-24 14:00:00,112.25
2018-01-24 15:00:00,112.0
2018-01-24 16:00:00,118.0
2018-01-24 17:00:00,121.5
2018-01-24 18:00:00,130.25
2018-01-24 19:00:00,129.25
2018-01-24 20:00:00,130.75
2018-01-24 21:00:00,96.5
2018-01-24 22:00:00,96.0
2018-01-24 23:00:00,99.0
2018-01-25 00:00:00,124.0
2018-01-25 01:00:00,130.75
2018-01-25 02:00:00,158.5
2018-01-25 03:00:00,124.25
2018-01-25 04:00:00,115.0
2018-01-25 05:00:00,116.5
2018-01-25 06:00:00,132.5
2018-01-25 07:00:00,139.25
2018-01-25 08:00:00,138.0
2018-01-25 09:00:00,140.5
2018-01-25 10:00:00,135.5
2018-01-25 11:00:00,123.5
2018-01-25 12:00:00,127.0
2018-01-25 13:00:00,149.0
2018-01-25 14:00:00,138.25
2018-01-25 15:00:00,123.75
2018-01-25 16:00:00,123.0
2018-01-25 17:00:00,127.5
2018-01-25 18:00:00,144.75
2018-01-25 19:00:00,200.0
2018-01-25 20:00:00,224.5
2018-01-25 21:00:00,234.25
2018-01-25 22:00:00,276.75
2018-01-25 23:00:00,290.5
2018-01-26 00:00:00,172.0
2018-01-26 01:00:00,157.5
2018-01-26 02:00:00,139.75
2018-01-26 03:00:00,141.5
2018-01-26 04:00:00,140.5
2018-01-26 05:00:00,151.25
2018-01-26 06:00:00,180.75
2018-01-26 07:00:00,177.5
2018-01-26 08:00:00,180.75
2018-01-26 09:00:00,180.75
2018-01-26 10:00:00,167.0
2018-01-26 11:00:00,166.25
2018-01-26 12:00:00,140.0
2018-01-26 13:00:00,122.25
2018-01-26 14:00:00,121.0
2018-01-26 15:00:00,111.25
2018-01-26 16:00:00,99.5
2018-01-26 17:00:00,103.25
2018-01-26 18:00:00,120.75
2018-01-26 19:00:00,142.0
2018-01-26 20:00:00,155.5
2018-01-26 21:00:00,132.0
2018-01-26 22:00:00,125.25
2018-01-26 23:00:00,112.75
2018-01-27 00:00:00,115.5
2018-01-27 01:00:00,136.5
2018-01-27 02:00:00,139.25
2018-01-27 03:00:00,133.5
2018-01-27 04:00:00,133.5
2018-01-27 05:00:00,137.25
2018-01-27 06:00:00,136.25
2018-01-27 07:00:00,150.25
2018-01-27 08:00:00,175.0
2018-01-27 09:00:00,152.25
2018-01-27 10:00:00,133.0
2018-01-27 11:00:00,117.75
2018-01-27 12:00:00,121.25
2018-01-27 13:00:00,131.25
2018-01-27 14:00:00,117.75
2018-01-27 15:00:00,100.5
2018-01-27 16:00:00,99.5
2018-01-27 17:00:00,110.0
2018-01-27 18:00:00,120.0
2018-01-27 19:00:00,130.5
2018-01-27 20:00:00,137.75
2018-01-27 21:00:00,122.75
2018-01-27 22:00:00,139.75
2018-01-27 23:00:00,156.25
2018-01-28 00:00:00,153.75
2018-01-28 01:00:00,147.5
2018-01-28 02:00:00,132.75
2018-01-28 03:00:00,139.75
2018-01-28 04:00:00,147.25
2018-01-28 05:00:00,156.5
2018-01-28 06:00:00,168.75
2018-01-28 07:00:00,173.5
2018-01-28 08:00:00,140.5
2018-01-28 09:00:00,127.5
2018-01-28 10:00:00,127.0
2018-01-28 11:00:00,122.0
2018-01-28 12:00:00,123.0
2018-01-28 13:00:00,115.75
2018-01-28 14:00:00,113.5
2018-01-28 15:00:00,116.0
2018-01-28 16:00:00,111.0
2018-01-28 17:00:00,115.0
2018-01-28 18:00:00,119.0
2018-01-28 19:00:00,125.0
2018-01-28 20:00:00,126.0
2018-01-28 21:00:00,117.0
2018-01-28 22:00:00,116.5
2018-01-28 23:00:00,130.25
2018-01-29 00:00:00,142.0
2018-01-29 01:00:00,125.0
2018-01-29 02:00:00,144.5
2018-01-29 03:00:00,170.25
2018-01-29 04:00:00,180.0
2018-01-29 05:00:00,135.0
2018-01-29 06:00:00,125.75
2018-01-29 07:00:00,142.5
2018-01-29 08:00:00,133.0
2018-01-29 09:00:00,134.75
2018-01-29 10:00:00,128.0
2018-01-29 11:00:00,124.75
2018-01-29 12:00:00,137.25
2018-01-29 13:00:00,124.5
2018-01-29 14:00:00,126.0
2018-01-29 15:00:00,116.25
2018-01-29 16:00:00,113.75
2018-01-29 17:00:00,114.25
2018-01-29 18:00:00,117.5
2018-01-29 19:00:00,123.5
2018-01-29 20:00:00,146.0
2018-01-29 21:00:00,145.0
2018-01-29 22:00:00,131.75
2018-01-29 23:00:00,182.0
2018-01-30 00:00:00,217.5
2018-01-30 01:00:00,190.25
2018-01-30 02:00:00,190.25
2018-01-30 03:00:00,174.5
2018-01-30 04:00:00,164.5
2018-01-30 05:00:00,172.75
2018-01-30 06:00:00,167.75
2018-01-30 07:00:00,164.75
2018-01-30 08:00:00,141.5
2018-01-30 09:00:00,142.25
2018-01-30 10:00:00,131.0
2018-01-30 11:00:00,114.5
2018-01-30 12:00:00,116.5
2018-01-30 13:00:00,109.0
2018-01-30 14:00:00,109.0
2018-01-30 15:00:00,104.75
2018-01-30 16:00:00,101.0
2018-01-30 17:00:00,96.0
2018-01-30 18:00:00,114.0
2018-01-30 19:00:00,138.0
2018-01-30 20:00:00,148.0
2018-01-30 21:00:00,124.0
2018-01-30 22:00:00,110.75
2018-01-30 23:00:00,133.25
2018-01-31 00:00:00,167.0
2018-01-31 01:00:00,190.75
2018-01-31 02:00:00,161.75
2018-01-31 03:00:00,156.25
2018-01-31 04:00:00,166.25
2018-01-31 05:00:00,127.5
2018-01-31 06:00:00,120.75
2018-01-31 07:00:00,132.0
2018-01-31 08:00:00,166.25
2018-01-31 09:00:00,155.0
2018-01-31 10:00:00,124.75
2018-01-31 11:00:00,112.5
2018-01-31 12:00:00,111.75
2018-01-31 13:00:00,132.0
2018-01-31 14:00:00,131.0
2018-01-31 15:00:00,121.0
2018-01-31 16:00:00,100.0
2018-01-31 17:00:00,99.5
2018-01-31 18:00:00,104.75
2018-01-31 19:00:00,138.75
2018-01-31 20:00:00,209.5
2018-01-31 21:00:00,267.0
2018-01-31 22:00:00,170.5
2018-01-31 23:00:00,173.0
2018-02-01 00:00:00,212.0
2018-02-01 01:00:00,183.0
2018-02-01 02:00:00,174.0
2018-02-01 03:00:00,204.0
2018-02-01 04:00:00,186.0
2018-02-01 05:00:00,149.5
2018-02-01 06:00:00,145.5
2018-02-01 07:00:00,150.5
2018-02-01 08:00:00,161.0
2018-02-01 09:00:00,144.0
2018-02-01 10:00:00,156.25
2018-02-01 11:00:00,184.5
2018-02-01 12:00:00,148.75
2018-02-01 13:00:00,168.75
2018-02-01 14:00:00,80.75
2018-02-01 15:00:00,89.0
2018-02-01 16:00:00,82.5
2018-02-01 17:00:00,74.75
2018-02-01 18:00:00,82.25
2018-02-01 19:00:00,134.25
2018-02-01 20:00:00,206.75
2018-02-01 21:00:00,174.25
2018-02-01 22:00:00,168.0
2018-02-01 23:00:00,202.0
2018-02-02 00:00:00,219.0
2018-02-02 01:00:00,178.5
2018-02-02 02:00:00,172.75
2018-02-02 03:00:00,159.0
2018-02-02 04:00:00,131.25
2018-02-02 05:00:00,132.0
2018-02-02 06:00:00,118.75
2018-02-02 07:00:00,139.0
2018-02-02 08:00:00,156.25
2018-02-02 09:00:00,155.0
2018-02-02 10:00:00,157.5
2018-02-02 11:00:00,153.75
2018-02-02 12:00:00,135.0
2018-02-02 13:00:00,101.25
2018-02-02 14:00:00,99.75
2018-02-02 15:00:00,78.0
2018-02-02 16:00:00,86.0
2018-02-02 17:00:00,85.5
2018-02-02 18:00:00,94.25
2018-02-02 19:00:00,105.0
2018-02-02 20:00:00,125.0
2018-02-02 21:00:00,118.5
2018-02-02 22:00:00,109.0
2018-02-02 23:00:00,118.75
2018-02-03 00:00:00,133.25
2018-02-03 01:00:00,112.75
2018-02-03 02:00:00,103.5
2018-02-03 03:00:00,95.5
2018-02-03 04:00:00,76.0
2018-02-03 05:00:00,111.5
2018-02-03 06:00:00,145.25
2018-02-03 07:00:00,181.75
2018-02-03 08:00:00,215.75
2018-02-03 09:00:00,189.0
2018-02-03 10:00:00,112.25
2018-02-03 11:00:00,82.0
2018-02-03 12:00:00,65.75
2018-02-03 13:00:00,82.75
2018-02-03 14:00:00,89.0
2018-02-03 15:00:00,82.75
2018-02-03 16:00:00,82.0
2018-02-03 17:00:00,83.0
2018-02-03 18:00:00,91.5
2018-02-03 19:00:00,97.5
2018-02-03 20:00:00,121.75
2018-02-03 21:00:00,136.25
2018-02-03 22:00:00,173.5
2018-02-03 23:00:00,204.25
2018-02-04 00:00:00,213.75
2018-02-04 01:00:00,198.5
2018-02-04 02:00:00,125.25
2018-02-04 03:00:00,114.25
2018-02-04 04:00:00,113.0
2018-02-04 05:00:00,133.5
2018-02-04 06:00:00,131.0
2018-02-04 07:00:00,135.25
2018-02-04 08:00:00,153.0
2018-02-04 09:00:00,138.5
2018-02-04 10:00:00,123.25
2018-02-04 11:00:00,98.0
2018-02-04 12:00:00,89.25
2018-02-04 13:00:00,81.5
2018-02-04 14:00:00,84.5
2018-02-04 15:00:00,89.0
2018-02-04 16:00:00,87.0
2018-02-04 17:00:00,79.5
2018-02-04 18:00:00,74.25
2018-02-04 19:00:00,79.75
2018-02-04 20:00:00,107.25
2018-02-04 21:00:00,118.5
2018-02-04 22:00:00,109.5
2018-02-04 23:00:00,98.25
2018-02-05 00:00:00,105.0
2018-02-05 01:00:00,109.25
2018-02-05 02:00:00,109.5
2018-02-05 03:00:00,121.0
2018-02-05 04:00:00,103.75
2018-02-05 05:00:00,104.0
2018-02-05 06:00:00,125.75
2018-02-05 07:00:00,124.25
2018-02-05 08:00:00,113.0
2018-02-05 09:00:00,115.0
2018-02-05 10:00:00,112.0
2018-02-05 11:00:00,100.25
2018-02-05 12:00:00,101.25
2018-02-05 13:00:00,76.5
2018-02-05 14:00:00,79.0
2018-02-05 15:00:00,74.0
2018-02-05 16:00:00,76.5
2018-02-05 17:00:00,77.0
2018-02-05 18:00:00,91.75
2018-02-05 19:00:00,117.75
2018-02-05 20:00:00,108.0
2018-02-05 21:00:00,80.5
2018-02-05 22:00:00,85.0
2018-02-05 23:00:00,103.0
2018-02-06 00:00:00,122.0
2018-02-06 01:00:00,147.5
2018-02-06 02:00:00,140.75
2018-02-06 03:00:00,125.0
2018-02-06 04:00:00,128.25
2018-02-06 05:00:00,133.25
2018-02-06 06:00:00,109.25
2018-02-06 07:00:00,84.5
2018-02-06 08:00:00,103.0
2018-02-06 09:00:00,120.75
2018-02-06 10:00:00,114.0
2018-02-06 11:00:00,68.25
2018-02-06 12:00:00,65.75
2018-02-06 13:00:00,65.0
2018-02-06 14:00:00,68.5
2018-02-06 15:00:00,61.0
2018-02-06 16:00:00,58.5
2018-02-06 17:00:00,73.25
2018-02-06 18:00:00,59.5
2018-02-06 19:00:00,87.0
2018-02-06 20:00:00,158.25
2018-02-06 21:00:00,125.75
2018-02-06 22:00:00,93.5
2018-02-06 23:00:00,114.0
2018-02-07 00:00:00,127.5
2018-02-07 01:00:00,106.75
2018-02-07 02:00:00,111.75
2018-02-07 03:00:00,108.25
2018-02-07 04:00:00,92.5
2018-02-07 05:00:00,92.5
2018-02-07 06:00:00,118.5
2018-02-07 07:00:00,129.0
2018-02-07 08:00:00,121.75
2018-02-07 09:00:00,98.75
2018-02-07 10:00:00,93.75
2018-02-07 11:00:00,84.25
2018-02-07 12:00:00,65.25
2018-02-07 13:00:00,61.25
2018-02-07 14:00:00,65.25
2018-02-07 15:00:00,63.75
2018-02-07 16:00:00,60.0
2018-02-07 17:00:00,72.0
2018-02-07 18:00:00,89.25
2018-02-07 19:00:00,137.0
2018-02-07 20:00:00,209.25
2018-02-07 21:00:00,225.0
2018-02-07 22:00:00,242.0
2018-02-07 23:00:00,230.0
2018-02-08 00:00:00,197.0
2018-02-08 01:00:00,226.0
2018-02-08 02:00:00,194.75
2018-02-08 03:00:00,163.5
2018-02-08 04:00:00,132.25
2018-02-08 05:00:00,101.0
2018-02-08 06:00:00,88.0
2018-02-08 07:00:00,108.0
2018-02-08 08:00:00,131.0
2018-02-08 09:00:00,127.25
2018-02-08 10:00:00,129.25
2018-02-08 11:00:00,137.5
2018-02-08 12:00:00,122.25
2018-02-08 13:00:00,117.0
2018-02-08 14:00:00,115.25
2018-02-08 15:00:00,110.0
2018-02-08 16:00:00,78.0
2018-02-08 17:00:00,78.0
2018-02-08 18:00:00,103.5
2018-02-08 19:00:00,146.75
2018-02-08 20:00:00,182.0
2018-02-08 21:00:00,81.0
2018-02-08 22:00:00,72.25
2018-02-08 23:00:00,70.0
2018-02-09 00:00:00,72.0
2018-02-09 01:00:00,84.25
2018-02-09 02:00:00,75.75
2018-02-09 03:00:00,74.5
2018-02-09 04:00:00,73.0
2018-02-09 05:00:00,62.25
2018-02-09 06:00:00,67.0
2018-02-09 07:00:00,69.75
2018-02-09 08:00:00,66.5
2018-02-09 09:00:00,60.5
2018-02-09 10:00:00,60.0
2018-02-09 11:00:00,47.0
2018-02-09 12:00:00,57.0
2018-02-09 13:00:00,60.75
2018-02-09 14:00:00,60.5
2018-02-09 15:00:00,65.5
2018-02-09 16:00:00,73.5
2018-02-09 17:00:00,63.0
2018-02-09 18:00:00,52.0
2018-02-09 19:00:00,53.5
2018-02-09 20:00:00,59.75
2018-02-09 21:00:00,49.25
2018-02-09 22:00:00,53.0
2018-02-09 23:00:00,47.5
2018-02-10 00:00:00,53.0
2018-02-10 01:00:00,54.0
2018-02-10 02:00:00,40.0
2018-02-10 03:00:00,41.5
2018-02-10 04:00:00,36.5
2018-02-10 05:00:00,33.25
2018-02-10 06:00:00,28.0
2018-02-10 07:00:00,34.25
2018-02-10 08:00:00,59.25
2018-02-10 09:00:00,71.25
2018-02-10 10:00:00,48.5
2018-02-10 11:00:00,48.5
2018-02-10 12:00:00,54.0
2018-02-10 13:00:00,50.75
2018-02-10 14:00:00,60.25
2018-02-10 15:00:00,65.75
2018-02-10 16:00:00,73.25
2018-02-10 17:00:00,83.5
2018-02-10 18:00:00,91.75
2018-02-10 19:00:00,91.5
2018-02-10 20:00:00,114.5
2018-02-10 21:00:00,125.25
2018-02-10 22:00:00,124.25
2018-02-10 23:00:00,119.0
2018-02-11 00:00:00,129.0
2018-02-11 01:00:00,115.0
2018-02-11 02:00:00,122.25
2018-02-11 03:00:00,117.25
2018-02-11 04:00:00,116.25
2018-02-11 05:00:00,115.5
2018-02-11 06:00:00,127.25
2018-02-11 07:00:00,120.5
2018-02-11 08:00:00,115.75
2018-02-11 09:00:00,110.75
2018-02-11 10:00:00,95.0
2018-02-11 11:00:00,92.75
2018-02-11 12:00:00,97.75
2018-02-11 13:00:00,105.0
2018-02-11 14:00:00,100.75
2018-02-11 15:00:00,99.5
2018-02-11 16:00:00,108.0
2018-02-11 17:00:00,111.0
2018-02-11 18:00:00,110.75
2018-02-11 19:00:00,112.25
2018-02-11 20:00:00,121.5
2018-02-11 21:00:00,129.0
2018-02-11 22:00:00,113.5
2018-02-11 23:00:00,108.75
2018-02-12 00:00:00,108.0
2018-02-12 01:00:00,112.0
2018-02-12 02:00:00,107.0
2018-02-12 03:00:00,97.75
2018-02-12 04:00:00,88.0
2018-02-12 05:00:00,89.75
2018-02-12 06:00:00,96.5
2018-02-12 07:00:00,103.0
2018-02-12 08:00:00,108.25
2018-02-12 09:00:00,111.25
2018-02-12 10:00:00,127.0
2018-02-12 11:00:00,91.25
2018-02-12 12:00:00,82.75
2018-02-12 13:00:00,92.75
2018-02-12 14:00:00,101.25
2018-02-12 15:00:00,111.0
2018-02-12 16:00:00,90.75
2018-02-12 17:00:00,92.0
2018-02-12 18:00:00,89.0
2018-02-12 19:00:00,91.25
2018-02-12 20:00:00,98.0
2018-02-12 21:00:00,95.75
2018-02-12 22:00:00,100.0
2018-02-12 23:00:00,109.25
2018-02-13 00:00:00,100.0
2018-02-13 01:00:00,88.0
2018-02-13 02:00:00,89.5
2018-02-13 03:00:00,95.0
2018-02-13 04:00:00,96.5
2018-02-13 05:00:00,94.25
2018-02-13 06:00:00,100.75
2018-02-13 07:00:00,100.25
2018-02-13 08:00:00,104.25
2018-02-13 09:00:00,116.5
2018-02-13 10:00:00,120.75
2018-02-13 11:00:00,114.25
2018-02-13 12:00:00,119.5
2018-02-13 13:00:00,107.25
2018-02-13 14:00:00,112.0
2018-02-13 15:00:00,109.0
2018-02-13 16:00:00,90.0
2018-02-13 17:00:00,89.0
2018-02-13 18:00:00,99.0
2018-02-13 19:00:00,108.5
2018-02-13 20:00:00,95.0
2018-02-13 21:00:00,75.75
2018-02-13 22:00:00,73.0
2018-02-13 23:00:00,79.0
2018-02-14 00:00:00,88.0
2018-02-14 01:00:00,82.25
2018-02-14 02:00:00,95.25
2018-02-14 03:00:00,96.0
2018-02-14 04:00:00,93.75
2018-02-14 05:00:00,97.75
2018-02-14 06:00:00,109.25
2018-02-14 07:00:00,101.75
2018-02-14 08:00:00,109.25
2018-02-14 09:00:00,124.0
2018-02-14 10:00:00,118.75
2018-02-14 11:00:00,119.0
2018-02-14 12:00:00,122.75
2018-02-14 13:00:00,116.25
2018-02-14 14:00:00,124.5
2018-02-14 15:00:00,116.5
2018-02-14 16:00:00,106.0
2018-02-14 17:00:00,96.25
2018-02-14 18:00:00,101.75
2018-02-14 19:00:00,125.25
2018-02-14 20:00:00,129.75
2018-02-14 21:00:00,128.25
2018-02-14 22:00:00,92.0
2018-02-14 23:00:00,96.75
2018-02-15 00:00:00,99.75
2018-02-15 01:00:00,119.0
2018-02-15 02:00:00,119.0
2018-02-15 03:00:00,129.25
2018-02-15 04:00:00,133.5
2018-02-15 05:00:00,135.25
2018-02-15 06:00:00,136.25
2018-02-15 07:00:00,136.75
2018-02-15 08:00:00,141.0
2018-02-15 09:00:00,162.25
2018-02-15 10:00:00,162.25
2018-02-15 11:00:00,102.0
2018-02-15 12:00:00,86.25
2018-02-15 13:00:00,77.25
2018-02-15 14:00:00,84.75
2018-02-15 15:00:00,85.5
2018-02-15 16:00:00,83.25
2018-02-15 17:00:00,95.5
2018-02-15 18:00:00,115.0
2018-02-15 19:00:00,132.0
2018-02-15 20:00:00,145.25
2018-02-15 21:00:00,114.0
2018-02-15 22:00:00,122.0
2018-02-15 23:00:00,130.0
2018-02-16 00:00:00,110.0
2018-02-16 01:00:00,110.0
2018-02-16 02:00:00,107.5
2018-02-16 03:00:00,141.25
2018-02-16 04:00:00,186.0
2018-02-16 05:00:00,174.75
2018-02-16 06:00:00,123.0
2018-02-16 07:00:00,171.0
2018-02-16 08:00:00,151.25
2018-02-16 09:00:00,163.75
2018-02-16 10:00:00,150.75
2018-02-16 11:00:00,108.5
2018-02-16 12:00:00,92.5
2018-02-16 13:00:00,109.5
2018-02-16 14:00:00,155.0
2018-02-16 15:00:00,146.5
2018-02-16 16:00:00,124.5
2018-02-16 17:00:00,118.25
2018-02-16 18:00:00,119.5
2018-02-16 19:00:00,130.0
2018-02-16 20:00:00,133.5
2018-02-16 21:00:00,88.75
2018-02-16 22:00:00,86.0
2018-02-16 23:00:00,89.75
2018-02-17 00:00:00,92.0
2018-02-17 01:00:00,91.75
2018-02-17 02:00:00,89.5
2018-02-17 03:00:00,85.0
2018-02-17 04:00:00,90.0
2018-02-17 05:00:00,80.0
2018-02-17 06:00:00,111.25
2018-02-17 07:00:00,180.0
2018-02-17 08:00:00,154.0
2018-02-17 09:00:00,122.75
2018-02-17 10:00:00,70.5
2018-02-17 11:00:00,61.75
2018-02-17 12:00:00,67.25
2018-02-17 13:00:00,71.25
2018-02-17 14:00:00,89.5
2018-02-17 15:00:00,107.75
2018-02-17 16:00:00,126.0
2018-02-17 17:00:00,121.5
2018-02-17 18:00:00,106.75
2018-02-17 19:00:00,101.0
2018-02-17 20:00:00,87.75
2018-02-17 21:00:00,67.0
2018-02-17 22:00:00,74.0
2018-02-17 23:00:00,87.25
2018-02-18 00:00:00,91.0
2018-02-18 01:00:00,90.0
2018-02-18 02:00:00,83.75
2018-02-18 03:00:00,81.0
2018-02-18 04:00:00,77.75
2018-02-18 05:00:00,82.75
2018-02-18 06:00:00,71.5
2018-02-18 07:00:00,74.0
2018-02-18 08:00:00,90.0
2018-02-18 09:00:00,102.0
2018-02-18 10:00:00,72.25
2018-02-18 11:00:00,63.0
2018-02-18 12:00:00,66.75
2018-02-18 13:00:00,62.5
2018-02-18 14:00:00,71.25
2018-02-18 15:00:00,74.5
2018-02-18 16:00:00,74.5
2018-02-18 17:00:00,78.25
2018-02-18 18:00:00,75.5
2018-02-18 19:00:00,77.0
2018-02-18 20:00:00,85.0
2018-02-18 21:00:00,91.5
2018-02-18 22:00:00,93.75
2018-02-18 23:00:00,96.25
2018-02-19 00:00:00,99.5
2018-02-19 01:00:00,106.0
2018-02-19 02:00:00,102.25
2018-02-19 03:00:00,100.5
2018-02-19 04:00:00,105.5
2018-02-19 05:00:00,113.5
2018-02-19 06:00:00,105.0
2018-02-19 07:00:00,103.75
2018-02-19 08:00:00,110.75
2018-02-19 09:00:00,113.75
2018-02-19 10:00:00,99.0
2018-02-19 11:00:00,73.25
2018-02-19 12:00:00,70.0
2018-02-19 13:00:00,77.25
2018-02-19 14:00:00,82.75
2018-02-19 15:00:00,85.75
2018-02-19 16:00:00,80.25
2018-02-19 17:00:00,84.25
2018-02-19 18:00:00,83.75
2018-02-19 19:00:00,80.75
2018-02-19 20:00:00,86.25
2018-02-19 21:00:00,95.5
2018-02-19 22:00:00,95.75
2018-02-19 23:00:00,104.0
2018-02-20 00:00:00,113.0
2018-02-20 01:00:00,113.0
2018-02-20 02:00:00,110.75
2018-02-20 03:00:00,108.75
2018-02-20 04:00:00,96.75
2018-02-20 05:00:00,103.5
2018-02-20 06:00:00,109.25
2018-02-20 07:00:00,86.75
2018-02-20 08:00:00,107.0
2018-02-20 09:00:00,152.0
2018-02-20 10:00:00,113.0
2018-02-20 11:00:00,78.25
2018-02-20 12:00:00,84.0
2018-02-20 13:00:00,89.75
2018-02-20 14:00:00,89.0
2018-02-20 15:00:00,92.75
2018-02-20 16:00:00,99.25
2018-02-20 17:00:00,95.5
2018-02-20 18:00:00,100.0
2018-02-20 19:00:00,93.25
2018-02-20 20:00:00,87.5
2018-02-20 21:00:00,85.5
2018-02-20 22:00:00,87.0
2018-02-20 23:00:00,100.75
2018-02-21 00:00:00,115.0
2018-02-21 01:00:00,101.75
2018-02-21 02:00:00,99.75
2018-02-21 03:00:00,96.5
2018-02-21 04:00:00,101.75
2018-02-21 05:00:00,112.75
2018-02-21 06:00:00,108.25
2018-02-21 07:00:00,100.25
2018-02-21 08:00:00,110.75
2018-02-21 09:00:00,105.75
2018-02-21 10:00:00,86.5
2018-02-21 11:00:00,97.0
2018-02-21 12:00:00,105.5
2018-02-21 13:00:00,107.0
2018-02-21 14:00:00,117.25
2018-02-21 15:00:00,119.5
2018-02-21 16:00:00,114.25
2018-02-21 17:00:00,114.5
2018-02-21 18:00:00,120.25
2018-02-21 19:00:00,112.0
2018-02-21 20:00:00,102.5
2018-02-21 21:00:00,102.75
2018-02-21 22:00:00,106.0
2018-02-21 23:00:00,103.25
2018-02-22 00:00:00,113.0
2018-02-22 01:00:00,113.5
2018-02-22 02:00:00,114.0
2018-02-22 03:00:00,111.0
2018-02-22 04:00:00,110.5
2018-02-22 05:00:00,111.25
2018-02-22 06:00:00,115.25
2018-02-22 07:00:00,105.5
2018-02-22 08:00:00,111.0
2018-02-22 09:00:00,132.75
2018-02-22 10:00:00,101.75
2018-02-22 11:00:00,84.0
2018-02-22 12:00:00,85.0
2018-02-22 13:00:00,82.25
2018-02-22 14:00:00,94.0
2018-02-22 15:00:00,100.75
2018-02-22 16:00:00,107.0
2018-02-22 17:00:00,111.5
2018-02-22 18:00:00,112.75
2018-02-22 19:00:00,120.25
2018-02-22 20:00:00,134.25
2018-02-22 21:00:00,104.0
2018-02-22 22:00:00,107.0
2018-02-22 23:00:00,96.0
2018-02-23 00:00:00,90.0
2018-02-23 01:00:00,106.25
2018-02-23 02:00:00,99.75
2018-02-23 03:00:00,87.75
2018-02-23 04:00:00,90.0
2018-02-23 05:00:00,94.0
2018-02-23 06:00:00,95.5
2018-02-23 07:00:00,106.5
2018-02-23 08:00:00,120.0
2018-02-23 09:00:00,106.0
2018-02-23 10:00:00,84.0
2018-02-23 11:00:00,87.0
2018-02-23 12:00:00,87.0
2018-02-23 13:00:00,109.5
2018-02-23 14:00:00,106.5
2018-02-23 15:00:00,111.25
2018-02-23 16:00:00,112.25
2018-02-23 17:00:00,114.0
2018-02-23 18:00:00,115.25
2018-02-23 19:00:00,111.25
2018-02-23 20:00:00,116.75
2018-02-23 21:00:00,127.0
2018-02-23 22:00:00,144.5
2018-02-23 23:00:00,152.0
2018-02-24 00:00:00,159.0
2018-02-24 01:00:00,145.5
2018-02-24 02:00:00,122.75
2018-02-24 03:00:00,123.0
2018-02-24 04:00:00,130.5
2018-02-24 05:00:00,141.0
2018-02-24 06:00:00,135.25
2018-02-24 07:00:00,150.0
2018-02-24 08:00:00,165.0
2018-02-24 09:00:00,169.5
2018-02-24 10:00:00,156.75
2018-02-24 11:00:00,132.0
2018-02-24 12:00:00,125.33333333333331
2018-02-24 13:00:00,118.66666666666669
2018-02-24 14:00:00,112.0
2018-02-24 15:00:00,93.5
2018-02-24 16:00:00,87.5
2018-02-24 17:00:00,80.25
2018-02-24 18:00:00,80.75
2018-02-24 19:00:00,82.25
2018-02-24 20:00:00,100.0
2018-02-24 21:00:00,137.0
2018-02-24 22:00:00,150.25
2018-02-24 23:00:00,146.0
2018-02-25 00:00:00,122.0
2018-02-25 01:00:00,133.0
2018-02-25 02:00:00,150.0
2018-02-25 03:00:00,201.0
2018-02-25 04:00:00,174.25
2018-02-25 05:00:00,130.75
2018-02-25 06:00:00,136.75
2018-02-25 07:00:00,141.5
2018-02-25 08:00:00,136.0
2018-02-25 09:00:00,178.75
2018-02-25 10:00:00,161.5
2018-02-25 11:00:00,103.0
2018-02-25 12:00:00,51.5
2018-02-25 13:00:00,61.75
2018-02-25 14:00:00,66.75
2018-02-25 15:00:00,54.5
2018-02-25 16:00:00,47.25
2018-02-25 17:00:00,48.5
2018-02-25 18:00:00,56.0
2018-02-25 19:00:00,89.75
2018-02-25 20:00:00,163.5
2018-02-25 21:00:00,168.75
2018-02-25 22:00:00,105.0
2018-02-25 23:00:00,101.0
2018-02-26 00:00:00,104.25
2018-02-26 01:00:00,87.0
2018-02-26 02:00:00,91.0
2018-02-26 03:00:00,97.5
2018-02-26 04:00:00,90.5
2018-02-26 05:00:00,93.0
2018-02-26 06:00:00,67.25
2018-02-26 07:00:00,79.0
2018-02-26 08:00:00,158.5
2018-02-26 09:00:00,157.0
2018-02-26 10:00:00,128.0
2018-02-26 11:00:00,95.0
2018-02-26 12:00:00,53.25
2018-02-26 13:00:00,45.25
2018-02-26 14:00:00,51.5
2018-02-26 15:00:00,62.25
2018-02-26 16:00:00,45.75
2018-02-26 17:00:00,48.0
2018-02-26 18:00:00,50.75
2018-02-26 19:00:00,92.5
2018-02-26 20:00:00,193.75
2018-02-26 21:00:00,200.5
2018-02-26 22:00:00,230.75
2018-02-26 23:00:00,263.5
2018-02-27 00:00:00,201.0
2018-02-27 01:00:00,171.0
2018-02-27 02:00:00,123.75
2018-02-27 03:00:00,104.75
2018-02-27 04:00:00,185.0
2018-02-27 05:00:00,139.0
2018-02-27 06:00:00,115.75
2018-02-27 07:00:00,113.5
2018-02-27 08:00:00,143.0
2018-02-27 09:00:00,169.25
2018-02-27 10:00:00,88.0
2018-02-27 11:00:00,72.0
2018-02-27 12:00:00,59.0
2018-02-27 13:00:00,68.75
2018-02-27 14:00:00,66.75
2018-02-27 15:00:00,86.25
2018-02-27 16:00:00,91.5
2018-02-27 17:00:00,80.5
2018-02-27 18:00:00,80.25
2018-02-27 19:00:00,92.75
2018-02-27 20:00:00,133.5
2018-02-27 21:00:00,137.5
2018-02-27 22:00:00,102.25
2018-02-27 23:00:00,94.5
2018-02-28 00:00:00,107.0
2018-02-28 01:00:00,116.25
2018-02-28 02:00:00,124.5
2018-02-28 03:00:00,120.0
2018-02-28 04:00:00,121.25
2018-02-28 05:00:00,128.25
2018-02-28 06:00:00,130.5
2018-02-28 07:00:00,123.5
2018-02-28 08:00:00,161.0
2018-02-28 09:00:00,134.5
2018-02-28 10:00:00,127.0
2018-02-28 11:00:00,103.0
2018-02-28 12:00:00,126.25
2018-02-28 13:00:00,150.5
2018-02-28 14:00:00,96.0
2018-02-28 15:00:00,100.25
2018-02-28 16:00:00,106.75
2018-02-28 17:00:00,115.0
2018-02-28 18:00:00,111.0
2018-02-28 19:00:00,111.5
2018-02-28 20:00:00,128.0
2018-02-28 21:00:00,85.5
2018-02-28 22:00:00,78.0
2018-02-28 23:00:00,80.0
2018-03-01 00:00:00,85.0
2018-03-01 01:00:00,93.0
2018-03-01 02:00:00,82.0
2018-03-01 03:00:00,86.25
2018-03-01 04:00:00,97.75
2018-03-01 05:00:00,126.75
2018-03-01 06:00:00,111.75
2018-03-01 07:00:00,97.75
2018-03-01 08:00:00,104.75
2018-03-01 09:00:00,93.25
2018-03-01 10:00:00,46.0
2018-03-01 11:00:00,57.25
2018-03-01 12:00:00,74.5
2018-03-01 13:00:00,89.75
2018-03-01 14:00:00,108.5
2018-03-01 15:00:00,115.0
2018-03-01 16:00:00,95.0
2018-03-01 17:00:00,96.5
2018-03-01 18:00:00,97.0
2018-03-01 19:00:00,115.75
2018-03-01 20:00:00,128.25
2018-03-01 21:00:00,126.25
2018-03-01 22:00:00,105.25
2018-03-01 23:00:00,94.75
2018-03-02 00:00:00,97.0
2018-03-02 01:00:00,116.5
2018-03-02 02:00:00,88.25
2018-03-02 03:00:00,81.0
2018-03-02 04:00:00,92.75
2018-03-02 05:00:00,119.0
2018-03-02 06:00:00,80.5
2018-03-02 07:00:00,60.25
2018-03-02 08:00:00,85.5
2018-03-02 09:00:00,74.75
2018-03-02 10:00:00,41.0
2018-03-02 11:00:00,49.5
2018-03-02 12:00:00,64.25
2018-03-02 13:00:00,77.0
2018-03-02 14:00:00,76.75
2018-03-02 15:00:00,76.0
2018-03-02 16:00:00,77.5
2018-03-02 17:00:00,83.0
2018-03-02 18:00:00,94.0
2018-03-02 19:00:00,101.0
2018-03-02 20:00:00,121.25
2018-03-02 21:00:00,88.0
2018-03-02 22:00:00,81.25
2018-03-02 23:00:00,69.75
2018-03-03 00:00:00,60.0
2018-03-03 01:00:00,61.5
2018-03-03 02:00:00,58.75
2018-03-03 03:00:00,65.22222222222223
2018-03-03 04:00:00,71.69444444444444
2018-03-03 05:00:00,78.16666666666667
2018-03-03 06:00:00,84.6388888888889
2018-03-03 07:00:00,91.11111111111113
2018-03-03 08:00:00,97.58333333333334
2018-03-03 09:00:00,104.05555555555556
2018-03-03 10:00:00,110.52777777777777
2018-03-03 11:00:00,117.0
2018-03-03 12:00:00,109.5
2018-03-03 13:00:00,84.0
2018-03-03 14:00:00,74.75
2018-03-03 15:00:00,73.0
2018-03-03 16:00:00,69.25
2018-03-03 17:00:00,61.5
2018-03-03 18:00:00,45.0
2018-03-03 19:00:00,76.0
2018-03-03 20:00:00,97.0
2018-03-03 21:00:00,97.0
2018-03-03 22:00:00,97.0
2018-03-03 23:00:00,97.0
2018-03-04 00:00:00,97.0
2018-03-04 01:00:00,108.25
2018-03-04 02:00:00,119.5
2018-03-04 03:00:00,129.0
2018-03-04 04:00:00,106.0
2018-03-04 05:00:00,98.5
2018-03-04 06:00:00,93.75
2018-03-04 07:00:00,97.25
2018-03-04 08:00:00,115.75
2018-03-04 09:00:00,120.5
2018-03-04 10:00:00,83.0
2018-03-04 11:00:00,80.25
2018-03-04 12:00:00,74.0
2018-03-04 13:00:00,68.25
2018-03-04 14:00:00,59.75
2018-03-04 15:00:00,56.25
2018-03-04 16:00:00,45.75
2018-03-04 17:00:00,39.75
2018-03-04 18:00:00,42.5
2018-03-04 19:00:00,44.0
2018-03-04 20:00:00,50.85
2018-03-04 21:00:00,57.7
2018-03-04 22:00:00,64.55
2018-03-04 23:00:00,71.4
2018-03-05 00:00:00,78.25
2018-03-05 01:00:00,85.25
2018-03-05 02:00:00,104.0
2018-03-05 03:00:00,108.0
2018-03-05 04:00:00,66.5
2018-03-05 05:00:00,82.5
2018-03-05 06:00:00,77.0
2018-03-05 07:00:00,95.5
2018-03-05 08:00:00,109.5
2018-03-05 09:00:00,108.5
2018-03-05 10:00:00,71.0
2018-03-05 11:00:00,60.75
2018-03-05 12:00:00,57.0
2018-03-05 13:00:00,55.25
2018-03-05 14:00:00,50.5
2018-03-05 15:00:00,51.5
2018-03-05 16:00:00,51.0
2018-03-05 17:00:00,53.75
2018-03-05 18:00:00,53.5
2018-03-05 19:00:00,57.25
2018-03-05 20:00:00,77.5
2018-03-05 21:00:00,134.25
2018-03-05 22:00:00,169.5
2018-03-05 23:00:00,136.0
2018-03-06 00:00:00,155.5
2018-03-06 01:00:00,142.25
2018-03-06 02:00:00,116.0
2018-03-06 03:00:00,107.75
2018-03-06 04:00:00,107.75
2018-03-06 05:00:00,140.25
2018-03-06 06:00:00,121.75
2018-03-06 07:00:00,131.0
2018-03-06 08:00:00,177.75
2018-03-06 09:00:00,173.25
2018-03-06 10:00:00,84.75
2018-03-06 11:00:00,63.5
2018-03-06 12:00:00,50.25
2018-03-06 13:00:00,64.25
2018-03-06 14:00:00,77.25
2018-03-06 15:00:00,79.75
2018-03-06 16:00:00,82.75
2018-03-06 17:00:00,75.5
2018-03-06 18:00:00,76.75
2018-03-06 19:00:00,84.5
2018-03-06 20:00:00,92.0
2018-03-06 21:00:00,109.0
2018-03-06 22:00:00,82.75
2018-03-06 23:00:00,95.25
2018-03-07 00:00:00,99.0
2018-03-07 01:00:00,83.75
2018-03-07 02:00:00,66.0
2018-03-07 03:00:00,69.0
2018-03-07 04:00:00,69.0
2018-03-07 05:00:00,68.25
2018-03-07 06:00:00,57.0
2018-03-07 07:00:00,33.0
2018-03-07 08:00:00,43.75
2018-03-07 09:00:00,48.75
2018-03-07 10:00:00,53.5
2018-03-07 11:00:00,70.25
2018-03-07 12:00:00,72.25
2018-03-07 13:00:00,80.75
2018-03-07 14:00:00,93.25
2018-03-07 15:00:00,84.5
2018-03-07 16:00:00,75.25
2018-03-07 17:00:00,80.25
2018-03-07 18:00:00,89.25
2018-03-07 19:00:00,106.0
2018-03-07 20:00:00,103.75
2018-03-07 21:00:00,93.75
2018-03-07 22:00:00,116.5
2018-03-07 23:00:00,138.0
2018-03-08 00:00:00,161.25
2018-03-08 01:00:00,181.75
2018-03-08 02:00:00,161.5
2018-03-08 03:00:00,134.0
2018-03-08 04:00:00,117.5
2018-03-08 05:00:00,122.5
2018-03-08 06:00:00,138.75
2018-03-08 07:00:00,110.5
2018-03-08 08:00:00,127.25
2018-03-08 09:00:00,144.75
2018-03-08 10:00:00,120.5
2018-03-08 11:00:00,113.0
2018-03-08 12:00:00,109.0
2018-03-08 13:00:00,111.875
2018-03-08 14:00:00,114.75
2018-03-08 15:00:00,96.0
2018-03-08 16:00:00,82.75
2018-03-08 17:00:00,81.25
2018-03-08 18:00:00,89.25
2018-03-08 19:00:00,97.25
